This file contains any messages produced by compilers while
running configure, to aid debugging if configure makes a mistake.

It was created by file configure 5.46, which was
generated by GNU Autoconf 2.69.  Invocation command line was

  $ ./configure 

## --------- ##
## Platform. ##
## --------- ##

hostname = devbox
uname -m = x86_64
uname -r = 6.8.0-49-generic
uname -s = Linux
uname -v = #49~22.04.1-Ubuntu SMP PREEMPT_DYNAMIC Wed Nov  6 17:42:15 UTC 2

/usr/bin/uname -p = x86_64
/bin/uname -X     = unknown

/bin/arch              = x86_64
/usr/bin/arch -k       = unknown
/usr/convex/getsysinfo = unknown
/usr/bin/hostinfo      = unknown
/bin/machine           = unknown
/usr/bin/oslevel       = unknown
/bin/universe          = unknown

PATH: /home/ekir/.sdkman/candidates/java/current/bin
PATH: /home/ekir/.krew/bin
PATH: /home/ekir/programs/google-cloud-sdk/bin
PATH: /home/ekir/programs/clion/bin
PATH: /home/ekir/programs/rustrover/bin
PATH: /home/ekir/programs/pycharm/bin
PATH: /home/ekir/programs/idea/bin
PATH: /home/ekir/programs/apache-maven/bin
PATH: /home/ekir/programs/java/17/bin
PATH: /home/ekir/ghe/ekir-docs-and-tools/tools/
PATH: /home/ekir/.cargo/bin
PATH: /home/ekir/.local/bin
PATH: /home/ekir/bin
PATH: /usr/local/sbin
PATH: /usr/local/bin
PATH: /usr/sbin
PATH: /usr/bin
PATH: /sbin
PATH: /bin
PATH: /usr/games
PATH: /usr/local/games
PATH: /snap/bin
PATH: /snap/bin
PATH: /home/ekir/.dotnet/tools
PATH: /home/ekir/.local/bin
PATH: /home/ekir/programs/node/bin
PATH: /home/ekir/go/bin


## ----------- ##
## Core tests. ##
## ----------- ##

configure:2590: checking for a BSD-compatible install
configure:2658: result: /usr/bin/install -c
configure:2669: checking whether build environment is sane
configure:2724: result: yes
configure:2870: checking for a thread-safe mkdir -p
configure:2909: result: /usr/bin/mkdir -p
configure:2916: checking for gawk
configure:2932: found /usr/bin/gawk
configure:2943: result: gawk
configure:2954: checking whether make sets $(MAKE)
configure:2976: result: yes
configure:3005: checking whether make supports nested variables
configure:3022: result: yes
configure:3173: checking whether make supports nested variables
configure:3190: result: yes
configure:3206: checking for builtin ELF support
configure:3223: result: yes
configure:3232: checking for ELF core file support
configure:3249: result: yes
configure:3258: checking for zlib support
configure:3265: result: 
configure:3268: checking for bzlib support
configure:3275: result: 
configure:3278: checking for xzlib support
configure:3285: result: 
configure:3288: checking for zstdlib support
configure:3295: result: 
configure:3298: checking for lzlib support
configure:3305: result: 
configure:3308: checking for lrziplib support
configure:3315: result: 
configure:3318: checking for libseccomp support
configure:3325: result: 
configure:3328: checking for file formats in man section 5
configure:3344: result: no
configure:3355: checking build system type
configure:3369: result: x86_64-pc-linux-gnu
configure:3389: checking host system type
configure:3402: result: x86_64-pc-linux-gnu
configure:3502: checking for gcc
configure:3518: found /usr/bin/gcc
configure:3529: result: gcc
configure:3758: checking for C compiler version
configure:3767: gcc --version >&5
gcc (Ubuntu 11.4.0-1ubuntu1~22.04) 11.4.0
Copyright (C) 2021 Free Software Foundation, Inc.
This is free software; see the source for copying conditions.  There is NO
warranty; not even for MERCHANTABILITY or FITNESS FOR A PARTICULAR PURPOSE.

configure:3778: $? = 0
configure:3767: gcc -v >&5
Using built-in specs.
COLLECT_GCC=gcc
COLLECT_LTO_WRAPPER=/usr/lib/gcc/x86_64-linux-gnu/11/lto-wrapper
OFFLOAD_TARGET_NAMES=nvptx-none:amdgcn-amdhsa
OFFLOAD_TARGET_DEFAULT=1
Target: x86_64-linux-gnu
Configured with: ../src/configure -v --with-pkgversion='Ubuntu 11.4.0-1ubuntu1~22.04' --with-bugurl=file:///usr/share/doc/gcc-11/README.Bugs --enable-languages=c,ada,c++,go,brig,d,fortran,objc,obj-c++,m2 --prefix=/usr --with-gcc-major-version-only --program-suffix=-11 --program-prefix=x86_64-linux-gnu- --enable-shared --enable-linker-build-id --libexecdir=/usr/lib --without-included-gettext --enable-threads=posix --libdir=/usr/lib --enable-nls --enable-bootstrap --enable-clocale=gnu --enable-libstdcxx-debug --enable-libstdcxx-time=yes --with-default-libstdcxx-abi=new --enable-gnu-unique-object --disable-vtable-verify --enable-plugin --enable-default-pie --with-system-zlib --enable-libphobos-checking=release --with-target-system-zlib=auto --enable-objc-gc=auto --enable-multiarch --disable-werror --enable-cet --with-arch-32=i686 --with-abi=m64 --with-multilib-list=m32,m64,mx32 --enable-multilib --with-tune=generic --enable-offload-targets=nvptx-none=/build/gcc-11-XeT9lY/gcc-11-11.4.0/debian/tmp-nvptx/usr,amdgcn-amdhsa=/build/gcc-11-XeT9lY/gcc-11-11.4.0/debian/tmp-gcn/usr --without-cuda-driver --enable-checking=release --build=x86_64-linux-gnu --host=x86_64-linux-gnu --target=x86_64-linux-gnu --with-build-config=bootstrap-lto-lean --enable-link-serialization=2
Thread model: posix
Supported LTO compression algorithms: zlib zstd
gcc version 11.4.0 (Ubuntu 11.4.0-1ubuntu1~22.04) 
... rest of stderr output deleted ...
configure:3778: $? = 0
configure:3767: gcc -V >&5
gcc: error: unrecognized command-line option '-V'
gcc: fatal error: no input files
compilation terminated.
configure:3778: $? = 1
configure:3767: gcc -qversion >&5
gcc: error: unrecognized command-line option '-qversion'; did you mean '--version'?
gcc: fatal error: no input files
compilation terminated.
configure:3778: $? = 1
configure:3798: checking whether the C compiler works
configure:3820: gcc    conftest.c  >&5
configure:3824: $? = 0
configure:3872: result: yes
configure:3875: checking for C compiler default output file name
configure:3877: result: a.out
configure:3883: checking for suffix of executables
configure:3890: gcc -o conftest    conftest.c  >&5
configure:3894: $? = 0
configure:3916: result: 
configure:3938: checking whether we are cross compiling
configure:3946: gcc -o conftest    conftest.c  >&5
configure:3950: $? = 0
configure:3957: ./conftest
configure:3961: $? = 0
configure:3976: result: no
configure:3981: checking for suffix of object files
configure:4003: gcc -c   conftest.c >&5
configure:4007: $? = 0
configure:4028: result: o
configure:4032: checking whether we are using the GNU C compiler
configure:4051: gcc -c   conftest.c >&5
configure:4051: $? = 0
configure:4060: result: yes
configure:4069: checking whether gcc accepts -g
configure:4089: gcc -c -g  conftest.c >&5
configure:4089: $? = 0
configure:4130: result: yes
configure:4147: checking for gcc option to accept ISO C89
configure:4210: gcc  -c -g -O2  conftest.c >&5
configure:4210: $? = 0
configure:4223: result: none needed
configure:4248: checking whether gcc understands -c and -o together
configure:4270: gcc -c conftest.c -o conftest2.o
configure:4273: $? = 0
configure:4270: gcc -c conftest.c -o conftest2.o
configure:4273: $? = 0
configure:4285: result: yes
configure:4305: checking whether make supports the include directive
configure:4320: make -f confmf.GNU && cat confinc.out
this is the am__doit target
configure:4323: $? = 0
configure:4342: result: yes (GNU style)
configure:4367: checking dependency style of gcc
configure:4478: result: gcc3
configure:4499: checking how to run the C preprocessor
configure:4530: gcc -E  conftest.c
configure:4530: $? = 0
configure:4544: gcc -E  conftest.c
conftest.c:13:10: fatal error: ac_nonexistent.h: No such file or directory
   13 | #include <ac_nonexistent.h>
      |          ^~~~~~~~~~~~~~~~~~
compilation terminated.
configure:4544: $? = 1
configure: failed program was:
| /* confdefs.h */
| #define PACKAGE_NAME "file"
| #define PACKAGE_TARNAME "file"
| #define PACKAGE_VERSION "5.46"
| #define PACKAGE_STRING "file 5.46"
| #define PACKAGE_BUGREPORT "christos@astron.com"
| #define PACKAGE_URL ""
| #define PACKAGE "file"
| #define VERSION "5.46"
| #define BUILTIN_ELF 1
| #define ELFCORE 1
| /* end confdefs.h.  */
| #include <ac_nonexistent.h>
configure:4569: result: gcc -E
configure:4589: gcc -E  conftest.c
configure:4589: $? = 0
configure:4603: gcc -E  conftest.c
conftest.c:13:10: fatal error: ac_nonexistent.h: No such file or directory
   13 | #include <ac_nonexistent.h>
      |          ^~~~~~~~~~~~~~~~~~
compilation terminated.
configure:4603: $? = 1
configure: failed program was:
| /* confdefs.h */
| #define PACKAGE_NAME "file"
| #define PACKAGE_TARNAME "file"
| #define PACKAGE_VERSION "5.46"
| #define PACKAGE_STRING "file 5.46"
| #define PACKAGE_BUGREPORT "christos@astron.com"
| #define PACKAGE_URL ""
| #define PACKAGE "file"
| #define VERSION "5.46"
| #define BUILTIN_ELF 1
| #define ELFCORE 1
| /* end confdefs.h.  */
| #include <ac_nonexistent.h>
configure:4632: checking for grep that handles long lines and -e
configure:4690: result: /usr/bin/grep
configure:4695: checking for egrep
configure:4757: result: /usr/bin/grep -E
configure:4762: checking for ANSI C header files
configure:4782: gcc -c -g -O2  conftest.c >&5
configure:4782: $? = 0
configure:4855: gcc -o conftest -g -O2   conftest.c  >&5
configure:4855: $? = 0
configure:4855: ./conftest
configure:4855: $? = 0
configure:4866: result: yes
configure:4879: checking for sys/types.h
configure:4879: gcc -c -g -O2  conftest.c >&5
configure:4879: $? = 0
configure:4879: result: yes
configure:4879: checking for sys/stat.h
configure:4879: gcc -c -g -O2  conftest.c >&5
configure:4879: $? = 0
configure:4879: result: yes
configure:4879: checking for stdlib.h
configure:4879: gcc -c -g -O2  conftest.c >&5
configure:4879: $? = 0
configure:4879: result: yes
configure:4879: checking for string.h
configure:4879: gcc -c -g -O2  conftest.c >&5
configure:4879: $? = 0
configure:4879: result: yes
configure:4879: checking for memory.h
configure:4879: gcc -c -g -O2  conftest.c >&5
configure:4879: $? = 0
configure:4879: result: yes
configure:4879: checking for strings.h
configure:4879: gcc -c -g -O2  conftest.c >&5
configure:4879: $? = 0
configure:4879: result: yes
configure:4879: checking for inttypes.h
configure:4879: gcc -c -g -O2  conftest.c >&5
configure:4879: $? = 0
configure:4879: result: yes
configure:4879: checking for stdint.h
configure:4879: gcc -c -g -O2  conftest.c >&5
configure:4879: $? = 0
configure:4879: result: yes
configure:4879: checking for unistd.h
configure:4879: gcc -c -g -O2  conftest.c >&5
configure:4879: $? = 0
configure:4879: result: yes
configure:4892: checking minix/config.h usability
configure:4892: gcc -c -g -O2  conftest.c >&5
conftest.c:56:10: fatal error: minix/config.h: No such file or directory
   56 | #include <minix/config.h>
      |          ^~~~~~~~~~~~~~~~
compilation terminated.
configure:4892: $? = 1
configure: failed program was:
| /* confdefs.h */
| #define PACKAGE_NAME "file"
| #define PACKAGE_TARNAME "file"
| #define PACKAGE_VERSION "5.46"
| #define PACKAGE_STRING "file 5.46"
| #define PACKAGE_BUGREPORT "christos@astron.com"
| #define PACKAGE_URL ""
| #define PACKAGE "file"
| #define VERSION "5.46"
| #define BUILTIN_ELF 1
| #define ELFCORE 1
| #define STDC_HEADERS 1
| #define HAVE_SYS_TYPES_H 1
| #define HAVE_SYS_STAT_H 1
| #define HAVE_STDLIB_H 1
| #define HAVE_STRING_H 1
| #define HAVE_MEMORY_H 1
| #define HAVE_STRINGS_H 1
| #define HAVE_INTTYPES_H 1
| #define HAVE_STDINT_H 1
| #define HAVE_UNISTD_H 1
| /* end confdefs.h.  */
| #include <stdio.h>
| #ifdef HAVE_SYS_TYPES_H
| # include <sys/types.h>
| #endif
| #ifdef HAVE_SYS_STAT_H
| # include <sys/stat.h>
| #endif
| #ifdef STDC_HEADERS
| # include <stdlib.h>
| # include <stddef.h>
| #else
| # ifdef HAVE_STDLIB_H
| #  include <stdlib.h>
| # endif
| #endif
| #ifdef HAVE_STRING_H
| # if !defined STDC_HEADERS && defined HAVE_MEMORY_H
| #  include <memory.h>
| # endif
| # include <string.h>
| #endif
| #ifdef HAVE_STRINGS_H
| # include <strings.h>
| #endif
| #ifdef HAVE_INTTYPES_H
| # include <inttypes.h>
| #endif
| #ifdef HAVE_STDINT_H
| # include <stdint.h>
| #endif
| #ifdef HAVE_UNISTD_H
| # include <unistd.h>
| #endif
| #include <minix/config.h>
configure:4892: result: no
configure:4892: checking minix/config.h presence
configure:4892: gcc -E  conftest.c
conftest.c:23:10: fatal error: minix/config.h: No such file or directory
   23 | #include <minix/config.h>
      |          ^~~~~~~~~~~~~~~~
compilation terminated.
configure:4892: $? = 1
configure: failed program was:
| /* confdefs.h */
| #define PACKAGE_NAME "file"
| #define PACKAGE_TARNAME "file"
| #define PACKAGE_VERSION "5.46"
| #define PACKAGE_STRING "file 5.46"
| #define PACKAGE_BUGREPORT "christos@astron.com"
| #define PACKAGE_URL ""
| #define PACKAGE "file"
| #define VERSION "5.46"
| #define BUILTIN_ELF 1
| #define ELFCORE 1
| #define STDC_HEADERS 1
| #define HAVE_SYS_TYPES_H 1
| #define HAVE_SYS_STAT_H 1
| #define HAVE_STDLIB_H 1
| #define HAVE_STRING_H 1
| #define HAVE_MEMORY_H 1
| #define HAVE_STRINGS_H 1
| #define HAVE_INTTYPES_H 1
| #define HAVE_STDINT_H 1
| #define HAVE_UNISTD_H 1
| /* end confdefs.h.  */
| #include <minix/config.h>
configure:4892: result: no
configure:4892: checking for minix/config.h
configure:4892: result: no
configure:4913: checking whether it is safe to define __EXTENSIONS__
configure:4931: gcc -c -g -O2  conftest.c >&5
configure:4931: $? = 0
configure:4938: result: yes
configure:4953: checking whether byte ordering is bigendian
configure:4968: gcc -c -g -O2  conftest.c >&5
conftest.c:29:16: error: unknown type name 'not'
   29 |                not a universal capable compiler
      |                ^~~
conftest.c:29:22: error: expected '=', ',', ';', 'asm' or '__attribute__' before 'universal'
   29 |                not a universal capable compiler
      |                      ^~~~~~~~~
conftest.c:29:22: error: unknown type name 'universal'
configure:4968: $? = 1
configure: failed program was:
| /* confdefs.h */
| #define PACKAGE_NAME "file"
| #define PACKAGE_TARNAME "file"
| #define PACKAGE_VERSION "5.46"
| #define PACKAGE_STRING "file 5.46"
| #define PACKAGE_BUGREPORT "christos@astron.com"
| #define PACKAGE_URL ""
| #define PACKAGE "file"
| #define VERSION "5.46"
| #define BUILTIN_ELF 1
| #define ELFCORE 1
| #define STDC_HEADERS 1
| #define HAVE_SYS_TYPES_H 1
| #define HAVE_SYS_STAT_H 1
| #define HAVE_STDLIB_H 1
| #define HAVE_STRING_H 1
| #define HAVE_MEMORY_H 1
| #define HAVE_STRINGS_H 1
| #define HAVE_INTTYPES_H 1
| #define HAVE_STDINT_H 1
| #define HAVE_UNISTD_H 1
| #define __EXTENSIONS__ 1
| #define _ALL_SOURCE 1
| #define _GNU_SOURCE 1
| #define _POSIX_PTHREAD_SEMANTICS 1
| #define _TANDEM_SOURCE 1
| /* end confdefs.h.  */
| #ifndef __APPLE_CC__
| 	       not a universal capable compiler
| 	     #endif
| 	     typedef int dummy;
| 
configure:5013: gcc -c -g -O2  conftest.c >&5
configure:5013: $? = 0
configure:5031: gcc -c -g -O2  conftest.c >&5
conftest.c: In function 'main':
conftest.c:35:18: error: unknown type name 'not'; did you mean 'ino_t'?
   35 |                  not big endian
      |                  ^~~
      |                  ino_t
conftest.c:35:26: error: expected '=', ',', ';', 'asm' or '__attribute__' before 'endian'
   35 |                  not big endian
      |                          ^~~~~~
configure:5031: $? = 1
configure: failed program was:
| /* confdefs.h */
| #define PACKAGE_NAME "file"
| #define PACKAGE_TARNAME "file"
| #define PACKAGE_VERSION "5.46"
| #define PACKAGE_STRING "file 5.46"
| #define PACKAGE_BUGREPORT "christos@astron.com"
| #define PACKAGE_URL ""
| #define PACKAGE "file"
| #define VERSION "5.46"
| #define BUILTIN_ELF 1
| #define ELFCORE 1
| #define STDC_HEADERS 1
| #define HAVE_SYS_TYPES_H 1
| #define HAVE_SYS_STAT_H 1
| #define HAVE_STDLIB_H 1
| #define HAVE_STRING_H 1
| #define HAVE_MEMORY_H 1
| #define HAVE_STRINGS_H 1
| #define HAVE_INTTYPES_H 1
| #define HAVE_STDINT_H 1
| #define HAVE_UNISTD_H 1
| #define __EXTENSIONS__ 1
| #define _ALL_SOURCE 1
| #define _GNU_SOURCE 1
| #define _POSIX_PTHREAD_SEMANTICS 1
| #define _TANDEM_SOURCE 1
| /* end confdefs.h.  */
| #include <sys/types.h>
| 		#include <sys/param.h>
| 
| int
| main ()
| {
| #if BYTE_ORDER != BIG_ENDIAN
| 		 not big endian
| 		#endif
| 
|   ;
|   return 0;
| }
configure:5159: result: no
configure:5178: checking whether ln -s works
configure:5182: result: yes
configure:5235: checking how to print strings
configure:5262: result: printf
configure:5283: checking for a sed that does not truncate output
configure:5347: result: /usr/bin/sed
configure:5365: checking for fgrep
configure:5427: result: /usr/bin/grep -F
configure:5462: checking for ld used by gcc
configure:5529: result: /usr/bin/ld
configure:5536: checking if the linker (/usr/bin/ld) is GNU ld
configure:5551: result: yes
configure:5563: checking for BSD- or MS-compatible name lister (nm)
configure:5617: result: /usr/bin/nm -B
configure:5747: checking the name lister (/usr/bin/nm -B) interface
configure:5754: gcc -c -g -O2  conftest.c >&5
configure:5757: /usr/bin/nm -B "conftest.o"
configure:5760: output
0000000000000000 B some_variable
configure:5767: result: BSD nm
configure:5771: checking the maximum length of command line arguments
configure:5902: result: 1572864
configure:5950: checking how to convert x86_64-pc-linux-gnu file names to x86_64-pc-linux-gnu format
configure:5990: result: func_convert_file_noop
configure:5997: checking how to convert x86_64-pc-linux-gnu file names to toolchain format
configure:6017: result: func_convert_file_noop
configure:6024: checking for /usr/bin/ld option to reload object files
configure:6031: result: -r
configure:6105: checking for objdump
configure:6121: found /usr/bin/objdump
configure:6132: result: objdump
configure:6164: checking how to recognize dependent libraries
configure:6364: result: pass_all
configure:6449: checking for dlltool
configure:6479: result: no
configure:6509: checking how to associate runtime and link libraries
configure:6536: result: printf %s\n
configure:6596: checking for ar
configure:6612: found /usr/bin/ar
configure:6623: result: ar
configure:6660: checking for archiver @FILE support
configure:6677: gcc -c -g -O2  conftest.c >&5
configure:6677: $? = 0
configure:6680: ar cr libconftest.a @conftest.lst >&5
configure:6683: $? = 0
configure:6688: ar cr libconftest.a @conftest.lst >&5
ar: conftest.o: No such file or directory
configure:6691: $? = 1
configure:6703: result: @
configure:6761: checking for strip
configure:6777: found /usr/bin/strip
configure:6788: result: strip
configure:6860: checking for ranlib
configure:6876: found /usr/bin/ranlib
configure:6887: result: ranlib
configure:6989: checking command to parse /usr/bin/nm -B output from gcc object
configure:7142: gcc -c -g -O2  conftest.c >&5
configure:7145: $? = 0
configure:7149: /usr/bin/nm -B conftest.o | sed -n -e 's/^.*[	 ]\([ABCDGIRSTW][ABCDGIRSTW]*\)[	 ][	 ]*\([_A-Za-z][_A-Za-z0-9]*\)$/\1 \2 \2/p' | sed '/ __gnu_lto/d' > conftest.nm
configure:7215: gcc -o conftest -g -O2   conftest.c conftstm.o >&5
configure:7218: $? = 0
configure:7256: result: ok
configure:7303: checking for sysroot
configure:7333: result: no
configure:7340: checking for a working dd
configure:7378: result: /usr/bin/dd
configure:7382: checking how to truncate binary pipes
configure:7397: result: /usr/bin/dd bs=4096 count=1
configure:7533: gcc -c -g -O2  conftest.c >&5
configure:7536: $? = 0
configure:7726: checking for mt
configure:7742: found /usr/bin/mt
configure:7753: result: mt
configure:7776: checking if mt is a manifest tool
configure:7782: mt '-?'
configure:7790: result: no
configure:8464: checking for dlfcn.h
configure:8464: gcc -c -g -O2  conftest.c >&5
configure:8464: $? = 0
configure:8464: result: yes
configure:8718: checking for objdir
configure:8733: result: .libs
configure:8997: checking if gcc supports -fno-rtti -fno-exceptions
configure:9015: gcc -c -g -O2  -fno-rtti -fno-exceptions conftest.c >&5
cc1: warning: command-line option '-fno-rtti' is valid for C++/D/ObjC++ but not for C
configure:9019: $? = 0
configure:9032: result: no
configure:9396: checking for gcc option to produce PIC
configure:9403: result: -fPIC -DPIC
configure:9411: checking if gcc PIC flag -fPIC -DPIC works
configure:9429: gcc -c -g -O2  -fPIC -DPIC -DPIC conftest.c >&5
configure:9433: $? = 0
configure:9446: result: yes
configure:9475: checking if gcc static flag -static works
configure:9503: result: yes
configure:9518: checking if gcc supports -c -o file.o
configure:9539: gcc -c -g -O2  -o out/conftest2.o conftest.c >&5
configure:9543: $? = 0
configure:9565: result: yes
configure:9573: checking if gcc supports -c -o file.o
configure:9620: result: yes
configure:9653: checking whether the gcc linker (/usr/bin/ld -m elf_x86_64) supports shared libraries
configure:10916: result: yes
configure:10953: checking whether -lc should be explicitly linked in
configure:10961: gcc -c -g -O2  conftest.c >&5
configure:10964: $? = 0
configure:10979: gcc -shared  -fPIC -DPIC conftest.o  -v -Wl,-soname -Wl,conftest -o conftest 2\>\&1 \| /usr/bin/grep  -lc  \>/dev/null 2\>\&1
configure:10982: $? = 0
configure:10996: result: no
configure:11156: checking dynamic linker characteristics
configure:11737: gcc -o conftest -g -O2   -Wl,-rpath -Wl,/foo conftest.c  >&5
configure:11737: $? = 0
configure:11986: result: GNU/Linux ld.so
configure:12108: checking how to hardcode library paths into programs
configure:12133: result: immediate
configure:12681: checking whether stripping libraries is possible
configure:12686: result: yes
configure:12721: checking if libtool supports shared libraries
configure:12723: result: yes
configure:12726: checking whether to build shared libraries
configure:12751: result: yes
configure:12754: checking whether to build static libraries
configure:12758: result: no
configure:12800: checking whether the -Werror option is usable
configure:12819: gcc -c -g -O2 -Werror  conftest.c >&5
configure:12819: $? = 0
configure:12828: result: yes
configure:12830: checking for simple visibility declarations
configure:12857: gcc -c -g -O2 -fvisibility=hidden -Werror  conftest.c >&5
configure:12857: $? = 0
configure:12866: result: yes
configure:12881: checking whether sys/types.h defines makedev
configure:12897: gcc -o conftest -g -O2   conftest.c  >&5
conftest.c: In function 'main':
conftest.c:35:8: warning: implicit declaration of function 'makedev' [-Wimplicit-function-declaration]
   35 | return makedev(0, 0);
      |        ^~~~~~~
/usr/bin/ld: /tmp/ccQ7WS2k.o: in function `main':
/home/ekir/backup-2025-01-12/git/file/conftest.c:35: undefined reference to `makedev'
collect2: error: ld returned 1 exit status
configure:12897: $? = 1
configure: failed program was:
| /* confdefs.h */
| #define PACKAGE_NAME "file"
| #define PACKAGE_TARNAME "file"
| #define PACKAGE_VERSION "5.46"
| #define PACKAGE_STRING "file 5.46"
| #define PACKAGE_BUGREPORT "christos@astron.com"
| #define PACKAGE_URL ""
| #define PACKAGE "file"
| #define VERSION "5.46"
| #define BUILTIN_ELF 1
| #define ELFCORE 1
| #define STDC_HEADERS 1
| #define HAVE_SYS_TYPES_H 1
| #define HAVE_SYS_STAT_H 1
| #define HAVE_STDLIB_H 1
| #define HAVE_STRING_H 1
| #define HAVE_MEMORY_H 1
| #define HAVE_STRINGS_H 1
| #define HAVE_INTTYPES_H 1
| #define HAVE_STDINT_H 1
| #define HAVE_UNISTD_H 1
| #define __EXTENSIONS__ 1
| #define _ALL_SOURCE 1
| #define _GNU_SOURCE 1
| #define _POSIX_PTHREAD_SEMANTICS 1
| #define _TANDEM_SOURCE 1
| #define HAVE_DLFCN_H 1
| #define LT_OBJDIR ".libs/"
| #define HAVE_VISIBILITY 1
| /* end confdefs.h.  */
| #include <sys/types.h>
| int
| main ()
| {
| return makedev(0, 0);
|   ;
|   return 0;
| }
configure:12906: result: no
configure:12910: checking sys/mkdev.h usability
configure:12910: gcc -c -g -O2  conftest.c >&5
conftest.c:64:10: fatal error: sys/mkdev.h: No such file or directory
   64 | #include <sys/mkdev.h>
      |          ^~~~~~~~~~~~~
compilation terminated.
configure:12910: $? = 1
configure: failed program was:
| /* confdefs.h */
| #define PACKAGE_NAME "file"
| #define PACKAGE_TARNAME "file"
| #define PACKAGE_VERSION "5.46"
| #define PACKAGE_STRING "file 5.46"
| #define PACKAGE_BUGREPORT "christos@astron.com"
| #define PACKAGE_URL ""
| #define PACKAGE "file"
| #define VERSION "5.46"
| #define BUILTIN_ELF 1
| #define ELFCORE 1
| #define STDC_HEADERS 1
| #define HAVE_SYS_TYPES_H 1
| #define HAVE_SYS_STAT_H 1
| #define HAVE_STDLIB_H 1
| #define HAVE_STRING_H 1
| #define HAVE_MEMORY_H 1
| #define HAVE_STRINGS_H 1
| #define HAVE_INTTYPES_H 1
| #define HAVE_STDINT_H 1
| #define HAVE_UNISTD_H 1
| #define __EXTENSIONS__ 1
| #define _ALL_SOURCE 1
| #define _GNU_SOURCE 1
| #define _POSIX_PTHREAD_SEMANTICS 1
| #define _TANDEM_SOURCE 1
| #define HAVE_DLFCN_H 1
| #define LT_OBJDIR ".libs/"
| #define HAVE_VISIBILITY 1
| /* end confdefs.h.  */
| #include <stdio.h>
| #ifdef HAVE_SYS_TYPES_H
| # include <sys/types.h>
| #endif
| #ifdef HAVE_SYS_STAT_H
| # include <sys/stat.h>
| #endif
| #ifdef STDC_HEADERS
| # include <stdlib.h>
| # include <stddef.h>
| #else
| # ifdef HAVE_STDLIB_H
| #  include <stdlib.h>
| # endif
| #endif
| #ifdef HAVE_STRING_H
| # if !defined STDC_HEADERS && defined HAVE_MEMORY_H
| #  include <memory.h>
| # endif
| # include <string.h>
| #endif
| #ifdef HAVE_STRINGS_H
| # include <strings.h>
| #endif
| #ifdef HAVE_INTTYPES_H
| # include <inttypes.h>
| #endif
| #ifdef HAVE_STDINT_H
| # include <stdint.h>
| #endif
| #ifdef HAVE_UNISTD_H
| # include <unistd.h>
| #endif
| #include <sys/mkdev.h>
configure:12910: result: no
configure:12910: checking sys/mkdev.h presence
configure:12910: gcc -E  conftest.c
conftest.c:31:10: fatal error: sys/mkdev.h: No such file or directory
   31 | #include <sys/mkdev.h>
      |          ^~~~~~~~~~~~~
compilation terminated.
configure:12910: $? = 1
configure: failed program was:
| /* confdefs.h */
| #define PACKAGE_NAME "file"
| #define PACKAGE_TARNAME "file"
| #define PACKAGE_VERSION "5.46"
| #define PACKAGE_STRING "file 5.46"
| #define PACKAGE_BUGREPORT "christos@astron.com"
| #define PACKAGE_URL ""
| #define PACKAGE "file"
| #define VERSION "5.46"
| #define BUILTIN_ELF 1
| #define ELFCORE 1
| #define STDC_HEADERS 1
| #define HAVE_SYS_TYPES_H 1
| #define HAVE_SYS_STAT_H 1
| #define HAVE_STDLIB_H 1
| #define HAVE_STRING_H 1
| #define HAVE_MEMORY_H 1
| #define HAVE_STRINGS_H 1
| #define HAVE_INTTYPES_H 1
| #define HAVE_STDINT_H 1
| #define HAVE_UNISTD_H 1
| #define __EXTENSIONS__ 1
| #define _ALL_SOURCE 1
| #define _GNU_SOURCE 1
| #define _POSIX_PTHREAD_SEMANTICS 1
| #define _TANDEM_SOURCE 1
| #define HAVE_DLFCN_H 1
| #define LT_OBJDIR ".libs/"
| #define HAVE_VISIBILITY 1
| /* end confdefs.h.  */
| #include <sys/mkdev.h>
configure:12910: result: no
configure:12910: checking for sys/mkdev.h
configure:12910: result: no
configure:12920: checking sys/sysmacros.h usability
configure:12920: gcc -c -g -O2  conftest.c >&5
configure:12920: $? = 0
configure:12920: result: yes
configure:12920: checking sys/sysmacros.h presence
configure:12920: gcc -E  conftest.c
configure:12920: $? = 0
configure:12920: result: yes
configure:12920: checking for sys/sysmacros.h
configure:12920: result: yes
configure:12931: checking for sys/wait.h that is POSIX.1 compatible
configure:12957: gcc -c -g -O2  conftest.c >&5
configure:12957: $? = 0
configure:12964: result: yes
configure:12975: checking for stdint.h
configure:12975: result: yes
configure:12975: checking fcntl.h usability
configure:12975: gcc -c -g -O2  conftest.c >&5
configure:12975: $? = 0
configure:12975: result: yes
configure:12975: checking fcntl.h presence
configure:12975: gcc -E  conftest.c
configure:12975: $? = 0
configure:12975: result: yes
configure:12975: checking for fcntl.h
configure:12975: result: yes
configure:12975: checking for inttypes.h
configure:12975: result: yes
configure:12975: checking for unistd.h
configure:12975: result: yes
configure:12975: checking byteswap.h usability
configure:12975: gcc -c -g -O2  conftest.c >&5
configure:12975: $? = 0
configure:12975: result: yes
configure:12975: checking byteswap.h presence
configure:12975: gcc -E  conftest.c
configure:12975: $? = 0
configure:12975: result: yes
configure:12975: checking for byteswap.h
configure:12975: result: yes
configure:12988: checking spawn.h usability
configure:12988: gcc -c -g -O2  conftest.c >&5
configure:12988: $? = 0
configure:12988: result: yes
configure:12988: checking spawn.h presence
configure:12988: gcc -E  conftest.c
configure:12988: $? = 0
configure:12988: result: yes
configure:12988: checking for spawn.h
configure:12988: result: yes
configure:12988: checking utime.h usability
configure:12988: gcc -c -g -O2  conftest.c >&5
configure:12988: $? = 0
configure:12988: result: yes
configure:12988: checking utime.h presence
configure:12988: gcc -E  conftest.c
configure:12988: $? = 0
configure:12988: result: yes
configure:12988: checking for utime.h
configure:12988: result: yes
configure:12988: checking wchar.h usability
configure:12988: gcc -c -g -O2  conftest.c >&5
configure:12988: $? = 0
configure:12988: result: yes
configure:12988: checking wchar.h presence
configure:12988: gcc -E  conftest.c
configure:12988: $? = 0
configure:12988: result: yes
configure:12988: checking for wchar.h
configure:12988: result: yes
configure:12988: checking wctype.h usability
configure:12988: gcc -c -g -O2  conftest.c >&5
configure:12988: $? = 0
configure:12988: result: yes
configure:12988: checking wctype.h presence
configure:12988: gcc -E  conftest.c
configure:12988: $? = 0
configure:12988: result: yes
configure:12988: checking for wctype.h
configure:12988: result: yes
configure:13001: checking getopt.h usability
configure:13001: gcc -c -g -O2  conftest.c >&5
configure:13001: $? = 0
configure:13001: result: yes
configure:13001: checking getopt.h presence
configure:13001: gcc -E  conftest.c
configure:13001: $? = 0
configure:13001: result: yes
configure:13001: checking for getopt.h
configure:13001: result: yes
configure:13001: checking err.h usability
configure:13001: gcc -c -g -O2  conftest.c >&5
configure:13001: $? = 0
configure:13001: result: yes
configure:13001: checking err.h presence
configure:13001: gcc -E  conftest.c
configure:13001: $? = 0
configure:13001: result: yes
configure:13001: checking for err.h
configure:13001: result: yes
configure:13001: checking xlocale.h usability
configure:13001: gcc -c -g -O2  conftest.c >&5
conftest.c:77:10: fatal error: xlocale.h: No such file or directory
   77 | #include <xlocale.h>
      |          ^~~~~~~~~~~
compilation terminated.
configure:13001: $? = 1
configure: failed program was:
| /* confdefs.h */
| #define PACKAGE_NAME "file"
| #define PACKAGE_TARNAME "file"
| #define PACKAGE_VERSION "5.46"
| #define PACKAGE_STRING "file 5.46"
| #define PACKAGE_BUGREPORT "christos@astron.com"
| #define PACKAGE_URL ""
| #define PACKAGE "file"
| #define VERSION "5.46"
| #define BUILTIN_ELF 1
| #define ELFCORE 1
| #define STDC_HEADERS 1
| #define HAVE_SYS_TYPES_H 1
| #define HAVE_SYS_STAT_H 1
| #define HAVE_STDLIB_H 1
| #define HAVE_STRING_H 1
| #define HAVE_MEMORY_H 1
| #define HAVE_STRINGS_H 1
| #define HAVE_INTTYPES_H 1
| #define HAVE_STDINT_H 1
| #define HAVE_UNISTD_H 1
| #define __EXTENSIONS__ 1
| #define _ALL_SOURCE 1
| #define _GNU_SOURCE 1
| #define _POSIX_PTHREAD_SEMANTICS 1
| #define _TANDEM_SOURCE 1
| #define HAVE_DLFCN_H 1
| #define LT_OBJDIR ".libs/"
| #define HAVE_VISIBILITY 1
| #define MAJOR_IN_SYSMACROS 1
| #define HAVE_SYS_WAIT_H 1
| #define HAVE_STDINT_H 1
| #define HAVE_FCNTL_H 1
| #define HAVE_INTTYPES_H 1
| #define HAVE_UNISTD_H 1
| #define HAVE_BYTESWAP_H 1
| #define HAVE_SPAWN_H 1
| #define HAVE_UTIME_H 1
| #define HAVE_WCHAR_H 1
| #define HAVE_WCTYPE_H 1
| #define HAVE_GETOPT_H 1
| #define HAVE_ERR_H 1
| /* end confdefs.h.  */
| #include <stdio.h>
| #ifdef HAVE_SYS_TYPES_H
| # include <sys/types.h>
| #endif
| #ifdef HAVE_SYS_STAT_H
| # include <sys/stat.h>
| #endif
| #ifdef STDC_HEADERS
| # include <stdlib.h>
| # include <stddef.h>
| #else
| # ifdef HAVE_STDLIB_H
| #  include <stdlib.h>
| # endif
| #endif
| #ifdef HAVE_STRING_H
| # if !defined STDC_HEADERS && defined HAVE_MEMORY_H
| #  include <memory.h>
| # endif
| # include <string.h>
| #endif
| #ifdef HAVE_STRINGS_H
| # include <strings.h>
| #endif
| #ifdef HAVE_INTTYPES_H
| # include <inttypes.h>
| #endif
| #ifdef HAVE_STDINT_H
| # include <stdint.h>
| #endif
| #ifdef HAVE_UNISTD_H
| # include <unistd.h>
| #endif
| #include <xlocale.h>
configure:13001: result: no
configure:13001: checking xlocale.h presence
configure:13001: gcc -E  conftest.c
conftest.c:44:10: fatal error: xlocale.h: No such file or directory
   44 | #include <xlocale.h>
      |          ^~~~~~~~~~~
compilation terminated.
configure:13001: $? = 1
configure: failed program was:
| /* confdefs.h */
| #define PACKAGE_NAME "file"
| #define PACKAGE_TARNAME "file"
| #define PACKAGE_VERSION "5.46"
| #define PACKAGE_STRING "file 5.46"
| #define PACKAGE_BUGREPORT "christos@astron.com"
| #define PACKAGE_URL ""
| #define PACKAGE "file"
| #define VERSION "5.46"
| #define BUILTIN_ELF 1
| #define ELFCORE 1
| #define STDC_HEADERS 1
| #define HAVE_SYS_TYPES_H 1
| #define HAVE_SYS_STAT_H 1
| #define HAVE_STDLIB_H 1
| #define HAVE_STRING_H 1
| #define HAVE_MEMORY_H 1
| #define HAVE_STRINGS_H 1
| #define HAVE_INTTYPES_H 1
| #define HAVE_STDINT_H 1
| #define HAVE_UNISTD_H 1
| #define __EXTENSIONS__ 1
| #define _ALL_SOURCE 1
| #define _GNU_SOURCE 1
| #define _POSIX_PTHREAD_SEMANTICS 1
| #define _TANDEM_SOURCE 1
| #define HAVE_DLFCN_H 1
| #define LT_OBJDIR ".libs/"
| #define HAVE_VISIBILITY 1
| #define MAJOR_IN_SYSMACROS 1
| #define HAVE_SYS_WAIT_H 1
| #define HAVE_STDINT_H 1
| #define HAVE_FCNTL_H 1
| #define HAVE_INTTYPES_H 1
| #define HAVE_UNISTD_H 1
| #define HAVE_BYTESWAP_H 1
| #define HAVE_SPAWN_H 1
| #define HAVE_UTIME_H 1
| #define HAVE_WCHAR_H 1
| #define HAVE_WCTYPE_H 1
| #define HAVE_GETOPT_H 1
| #define HAVE_ERR_H 1
| /* end confdefs.h.  */
| #include <xlocale.h>
configure:13001: result: no
configure:13001: checking for xlocale.h
configure:13001: result: no
configure:13014: checking sys/bswap.h usability
configure:13014: gcc -c -g -O2  conftest.c >&5
conftest.c:77:10: fatal error: sys/bswap.h: No such file or directory
   77 | #include <sys/bswap.h>
      |          ^~~~~~~~~~~~~
compilation terminated.
configure:13014: $? = 1
configure: failed program was:
| /* confdefs.h */
| #define PACKAGE_NAME "file"
| #define PACKAGE_TARNAME "file"
| #define PACKAGE_VERSION "5.46"
| #define PACKAGE_STRING "file 5.46"
| #define PACKAGE_BUGREPORT "christos@astron.com"
| #define PACKAGE_URL ""
| #define PACKAGE "file"
| #define VERSION "5.46"
| #define BUILTIN_ELF 1
| #define ELFCORE 1
| #define STDC_HEADERS 1
| #define HAVE_SYS_TYPES_H 1
| #define HAVE_SYS_STAT_H 1
| #define HAVE_STDLIB_H 1
| #define HAVE_STRING_H 1
| #define HAVE_MEMORY_H 1
| #define HAVE_STRINGS_H 1
| #define HAVE_INTTYPES_H 1
| #define HAVE_STDINT_H 1
| #define HAVE_UNISTD_H 1
| #define __EXTENSIONS__ 1
| #define _ALL_SOURCE 1
| #define _GNU_SOURCE 1
| #define _POSIX_PTHREAD_SEMANTICS 1
| #define _TANDEM_SOURCE 1
| #define HAVE_DLFCN_H 1
| #define LT_OBJDIR ".libs/"
| #define HAVE_VISIBILITY 1
| #define MAJOR_IN_SYSMACROS 1
| #define HAVE_SYS_WAIT_H 1
| #define HAVE_STDINT_H 1
| #define HAVE_FCNTL_H 1
| #define HAVE_INTTYPES_H 1
| #define HAVE_UNISTD_H 1
| #define HAVE_BYTESWAP_H 1
| #define HAVE_SPAWN_H 1
| #define HAVE_UTIME_H 1
| #define HAVE_WCHAR_H 1
| #define HAVE_WCTYPE_H 1
| #define HAVE_GETOPT_H 1
| #define HAVE_ERR_H 1
| /* end confdefs.h.  */
| #include <stdio.h>
| #ifdef HAVE_SYS_TYPES_H
| # include <sys/types.h>
| #endif
| #ifdef HAVE_SYS_STAT_H
| # include <sys/stat.h>
| #endif
| #ifdef STDC_HEADERS
| # include <stdlib.h>
| # include <stddef.h>
| #else
| # ifdef HAVE_STDLIB_H
| #  include <stdlib.h>
| # endif
| #endif
| #ifdef HAVE_STRING_H
| # if !defined STDC_HEADERS && defined HAVE_MEMORY_H
| #  include <memory.h>
| # endif
| # include <string.h>
| #endif
| #ifdef HAVE_STRINGS_H
| # include <strings.h>
| #endif
| #ifdef HAVE_INTTYPES_H
| # include <inttypes.h>
| #endif
| #ifdef HAVE_STDINT_H
| # include <stdint.h>
| #endif
| #ifdef HAVE_UNISTD_H
| # include <unistd.h>
| #endif
| #include <sys/bswap.h>
configure:13014: result: no
configure:13014: checking sys/bswap.h presence
configure:13014: gcc -E  conftest.c
conftest.c:44:10: fatal error: sys/bswap.h: No such file or directory
   44 | #include <sys/bswap.h>
      |          ^~~~~~~~~~~~~
compilation terminated.
configure:13014: $? = 1
configure: failed program was:
| /* confdefs.h */
| #define PACKAGE_NAME "file"
| #define PACKAGE_TARNAME "file"
| #define PACKAGE_VERSION "5.46"
| #define PACKAGE_STRING "file 5.46"
| #define PACKAGE_BUGREPORT "christos@astron.com"
| #define PACKAGE_URL ""
| #define PACKAGE "file"
| #define VERSION "5.46"
| #define BUILTIN_ELF 1
| #define ELFCORE 1
| #define STDC_HEADERS 1
| #define HAVE_SYS_TYPES_H 1
| #define HAVE_SYS_STAT_H 1
| #define HAVE_STDLIB_H 1
| #define HAVE_STRING_H 1
| #define HAVE_MEMORY_H 1
| #define HAVE_STRINGS_H 1
| #define HAVE_INTTYPES_H 1
| #define HAVE_STDINT_H 1
| #define HAVE_UNISTD_H 1
| #define __EXTENSIONS__ 1
| #define _ALL_SOURCE 1
| #define _GNU_SOURCE 1
| #define _POSIX_PTHREAD_SEMANTICS 1
| #define _TANDEM_SOURCE 1
| #define HAVE_DLFCN_H 1
| #define LT_OBJDIR ".libs/"
| #define HAVE_VISIBILITY 1
| #define MAJOR_IN_SYSMACROS 1
| #define HAVE_SYS_WAIT_H 1
| #define HAVE_STDINT_H 1
| #define HAVE_FCNTL_H 1
| #define HAVE_INTTYPES_H 1
| #define HAVE_UNISTD_H 1
| #define HAVE_BYTESWAP_H 1
| #define HAVE_SPAWN_H 1
| #define HAVE_UTIME_H 1
| #define HAVE_WCHAR_H 1
| #define HAVE_WCTYPE_H 1
| #define HAVE_GETOPT_H 1
| #define HAVE_ERR_H 1
| /* end confdefs.h.  */
| #include <sys/bswap.h>
configure:13014: result: no
configure:13014: checking for sys/bswap.h
configure:13014: result: no
configure:13014: checking sys/mman.h usability
configure:13014: gcc -c -g -O2  conftest.c >&5
configure:13014: $? = 0
configure:13014: result: yes
configure:13014: checking sys/mman.h presence
configure:13014: gcc -E  conftest.c
configure:13014: $? = 0
configure:13014: result: yes
configure:13014: checking for sys/mman.h
configure:13014: result: yes
configure:13014: checking for sys/stat.h
configure:13014: result: yes
configure:13014: checking for sys/types.h
configure:13014: result: yes
configure:13014: checking sys/utime.h usability
configure:13014: gcc -c -g -O2  conftest.c >&5
conftest.c:80:10: fatal error: sys/utime.h: No such file or directory
   80 | #include <sys/utime.h>
      |          ^~~~~~~~~~~~~
compilation terminated.
configure:13014: $? = 1
configure: failed program was:
| /* confdefs.h */
| #define PACKAGE_NAME "file"
| #define PACKAGE_TARNAME "file"
| #define PACKAGE_VERSION "5.46"
| #define PACKAGE_STRING "file 5.46"
| #define PACKAGE_BUGREPORT "christos@astron.com"
| #define PACKAGE_URL ""
| #define PACKAGE "file"
| #define VERSION "5.46"
| #define BUILTIN_ELF 1
| #define ELFCORE 1
| #define STDC_HEADERS 1
| #define HAVE_SYS_TYPES_H 1
| #define HAVE_SYS_STAT_H 1
| #define HAVE_STDLIB_H 1
| #define HAVE_STRING_H 1
| #define HAVE_MEMORY_H 1
| #define HAVE_STRINGS_H 1
| #define HAVE_INTTYPES_H 1
| #define HAVE_STDINT_H 1
| #define HAVE_UNISTD_H 1
| #define __EXTENSIONS__ 1
| #define _ALL_SOURCE 1
| #define _GNU_SOURCE 1
| #define _POSIX_PTHREAD_SEMANTICS 1
| #define _TANDEM_SOURCE 1
| #define HAVE_DLFCN_H 1
| #define LT_OBJDIR ".libs/"
| #define HAVE_VISIBILITY 1
| #define MAJOR_IN_SYSMACROS 1
| #define HAVE_SYS_WAIT_H 1
| #define HAVE_STDINT_H 1
| #define HAVE_FCNTL_H 1
| #define HAVE_INTTYPES_H 1
| #define HAVE_UNISTD_H 1
| #define HAVE_BYTESWAP_H 1
| #define HAVE_SPAWN_H 1
| #define HAVE_UTIME_H 1
| #define HAVE_WCHAR_H 1
| #define HAVE_WCTYPE_H 1
| #define HAVE_GETOPT_H 1
| #define HAVE_ERR_H 1
| #define HAVE_SYS_MMAN_H 1
| #define HAVE_SYS_STAT_H 1
| #define HAVE_SYS_TYPES_H 1
| /* end confdefs.h.  */
| #include <stdio.h>
| #ifdef HAVE_SYS_TYPES_H
| # include <sys/types.h>
| #endif
| #ifdef HAVE_SYS_STAT_H
| # include <sys/stat.h>
| #endif
| #ifdef STDC_HEADERS
| # include <stdlib.h>
| # include <stddef.h>
| #else
| # ifdef HAVE_STDLIB_H
| #  include <stdlib.h>
| # endif
| #endif
| #ifdef HAVE_STRING_H
| # if !defined STDC_HEADERS && defined HAVE_MEMORY_H
| #  include <memory.h>
| # endif
| # include <string.h>
| #endif
| #ifdef HAVE_STRINGS_H
| # include <strings.h>
| #endif
| #ifdef HAVE_INTTYPES_H
| # include <inttypes.h>
| #endif
| #ifdef HAVE_STDINT_H
| # include <stdint.h>
| #endif
| #ifdef HAVE_UNISTD_H
| # include <unistd.h>
| #endif
| #include <sys/utime.h>
configure:13014: result: no
configure:13014: checking sys/utime.h presence
configure:13014: gcc -E  conftest.c
conftest.c:47:10: fatal error: sys/utime.h: No such file or directory
   47 | #include <sys/utime.h>
      |          ^~~~~~~~~~~~~
compilation terminated.
configure:13014: $? = 1
configure: failed program was:
| /* confdefs.h */
| #define PACKAGE_NAME "file"
| #define PACKAGE_TARNAME "file"
| #define PACKAGE_VERSION "5.46"
| #define PACKAGE_STRING "file 5.46"
| #define PACKAGE_BUGREPORT "christos@astron.com"
| #define PACKAGE_URL ""
| #define PACKAGE "file"
| #define VERSION "5.46"
| #define BUILTIN_ELF 1
| #define ELFCORE 1
| #define STDC_HEADERS 1
| #define HAVE_SYS_TYPES_H 1
| #define HAVE_SYS_STAT_H 1
| #define HAVE_STDLIB_H 1
| #define HAVE_STRING_H 1
| #define HAVE_MEMORY_H 1
| #define HAVE_STRINGS_H 1
| #define HAVE_INTTYPES_H 1
| #define HAVE_STDINT_H 1
| #define HAVE_UNISTD_H 1
| #define __EXTENSIONS__ 1
| #define _ALL_SOURCE 1
| #define _GNU_SOURCE 1
| #define _POSIX_PTHREAD_SEMANTICS 1
| #define _TANDEM_SOURCE 1
| #define HAVE_DLFCN_H 1
| #define LT_OBJDIR ".libs/"
| #define HAVE_VISIBILITY 1
| #define MAJOR_IN_SYSMACROS 1
| #define HAVE_SYS_WAIT_H 1
| #define HAVE_STDINT_H 1
| #define HAVE_FCNTL_H 1
| #define HAVE_INTTYPES_H 1
| #define HAVE_UNISTD_H 1
| #define HAVE_BYTESWAP_H 1
| #define HAVE_SPAWN_H 1
| #define HAVE_UTIME_H 1
| #define HAVE_WCHAR_H 1
| #define HAVE_WCTYPE_H 1
| #define HAVE_GETOPT_H 1
| #define HAVE_ERR_H 1
| #define HAVE_SYS_MMAN_H 1
| #define HAVE_SYS_STAT_H 1
| #define HAVE_SYS_TYPES_H 1
| /* end confdefs.h.  */
| #include <sys/utime.h>
configure:13014: result: no
configure:13014: checking for sys/utime.h
configure:13014: result: no
configure:13014: checking sys/time.h usability
configure:13014: gcc -c -g -O2  conftest.c >&5
configure:13014: $? = 0
configure:13014: result: yes
configure:13014: checking sys/time.h presence
configure:13014: gcc -E  conftest.c
configure:13014: $? = 0
configure:13014: result: yes
configure:13014: checking for sys/time.h
configure:13014: result: yes
configure:13014: checking for sys/sysmacros.h
configure:13014: result: yes
configure:13014: checking sys/ioctl.h usability
configure:13014: gcc -c -g -O2  conftest.c >&5
configure:13014: $? = 0
configure:13014: result: yes
configure:13014: checking sys/ioctl.h presence
configure:13014: gcc -E  conftest.c
configure:13014: $? = 0
configure:13014: result: yes
configure:13014: checking for sys/ioctl.h
configure:13014: result: yes
configure:13027: checking zlib.h usability
configure:13027: gcc -c -g -O2  conftest.c >&5
configure:13027: $? = 0
configure:13027: result: yes
configure:13027: checking zlib.h presence
configure:13027: gcc -E  conftest.c
configure:13027: $? = 0
configure:13027: result: yes
configure:13027: checking for zlib.h
configure:13027: result: yes
configure:13041: checking bzlib.h usability
configure:13041: gcc -c -g -O2  conftest.c >&5
conftest.c:84:10: fatal error: bzlib.h: No such file or directory
   84 | #include <bzlib.h>
      |          ^~~~~~~~~
compilation terminated.
configure:13041: $? = 1
configure: failed program was:
| /* confdefs.h */
| #define PACKAGE_NAME "file"
| #define PACKAGE_TARNAME "file"
| #define PACKAGE_VERSION "5.46"
| #define PACKAGE_STRING "file 5.46"
| #define PACKAGE_BUGREPORT "christos@astron.com"
| #define PACKAGE_URL ""
| #define PACKAGE "file"
| #define VERSION "5.46"
| #define BUILTIN_ELF 1
| #define ELFCORE 1
| #define STDC_HEADERS 1
| #define HAVE_SYS_TYPES_H 1
| #define HAVE_SYS_STAT_H 1
| #define HAVE_STDLIB_H 1
| #define HAVE_STRING_H 1
| #define HAVE_MEMORY_H 1
| #define HAVE_STRINGS_H 1
| #define HAVE_INTTYPES_H 1
| #define HAVE_STDINT_H 1
| #define HAVE_UNISTD_H 1
| #define __EXTENSIONS__ 1
| #define _ALL_SOURCE 1
| #define _GNU_SOURCE 1
| #define _POSIX_PTHREAD_SEMANTICS 1
| #define _TANDEM_SOURCE 1
| #define HAVE_DLFCN_H 1
| #define LT_OBJDIR ".libs/"
| #define HAVE_VISIBILITY 1
| #define MAJOR_IN_SYSMACROS 1
| #define HAVE_SYS_WAIT_H 1
| #define HAVE_STDINT_H 1
| #define HAVE_FCNTL_H 1
| #define HAVE_INTTYPES_H 1
| #define HAVE_UNISTD_H 1
| #define HAVE_BYTESWAP_H 1
| #define HAVE_SPAWN_H 1
| #define HAVE_UTIME_H 1
| #define HAVE_WCHAR_H 1
| #define HAVE_WCTYPE_H 1
| #define HAVE_GETOPT_H 1
| #define HAVE_ERR_H 1
| #define HAVE_SYS_MMAN_H 1
| #define HAVE_SYS_STAT_H 1
| #define HAVE_SYS_TYPES_H 1
| #define HAVE_SYS_TIME_H 1
| #define HAVE_SYS_SYSMACROS_H 1
| #define HAVE_SYS_IOCTL_H 1
| #define HAVE_ZLIB_H 1
| /* end confdefs.h.  */
| #include <stdio.h>
| #ifdef HAVE_SYS_TYPES_H
| # include <sys/types.h>
| #endif
| #ifdef HAVE_SYS_STAT_H
| # include <sys/stat.h>
| #endif
| #ifdef STDC_HEADERS
| # include <stdlib.h>
| # include <stddef.h>
| #else
| # ifdef HAVE_STDLIB_H
| #  include <stdlib.h>
| # endif
| #endif
| #ifdef HAVE_STRING_H
| # if !defined STDC_HEADERS && defined HAVE_MEMORY_H
| #  include <memory.h>
| # endif
| # include <string.h>
| #endif
| #ifdef HAVE_STRINGS_H
| # include <strings.h>
| #endif
| #ifdef HAVE_INTTYPES_H
| # include <inttypes.h>
| #endif
| #ifdef HAVE_STDINT_H
| # include <stdint.h>
| #endif
| #ifdef HAVE_UNISTD_H
| # include <unistd.h>
| #endif
| #include <bzlib.h>
configure:13041: result: no
configure:13041: checking bzlib.h presence
configure:13041: gcc -E  conftest.c
conftest.c:51:10: fatal error: bzlib.h: No such file or directory
   51 | #include <bzlib.h>
      |          ^~~~~~~~~
compilation terminated.
configure:13041: $? = 1
configure: failed program was:
| /* confdefs.h */
| #define PACKAGE_NAME "file"
| #define PACKAGE_TARNAME "file"
| #define PACKAGE_VERSION "5.46"
| #define PACKAGE_STRING "file 5.46"
| #define PACKAGE_BUGREPORT "christos@astron.com"
| #define PACKAGE_URL ""
| #define PACKAGE "file"
| #define VERSION "5.46"
| #define BUILTIN_ELF 1
| #define ELFCORE 1
| #define STDC_HEADERS 1
| #define HAVE_SYS_TYPES_H 1
| #define HAVE_SYS_STAT_H 1
| #define HAVE_STDLIB_H 1
| #define HAVE_STRING_H 1
| #define HAVE_MEMORY_H 1
| #define HAVE_STRINGS_H 1
| #define HAVE_INTTYPES_H 1
| #define HAVE_STDINT_H 1
| #define HAVE_UNISTD_H 1
| #define __EXTENSIONS__ 1
| #define _ALL_SOURCE 1
| #define _GNU_SOURCE 1
| #define _POSIX_PTHREAD_SEMANTICS 1
| #define _TANDEM_SOURCE 1
| #define HAVE_DLFCN_H 1
| #define LT_OBJDIR ".libs/"
| #define HAVE_VISIBILITY 1
| #define MAJOR_IN_SYSMACROS 1
| #define HAVE_SYS_WAIT_H 1
| #define HAVE_STDINT_H 1
| #define HAVE_FCNTL_H 1
| #define HAVE_INTTYPES_H 1
| #define HAVE_UNISTD_H 1
| #define HAVE_BYTESWAP_H 1
| #define HAVE_SPAWN_H 1
| #define HAVE_UTIME_H 1
| #define HAVE_WCHAR_H 1
| #define HAVE_WCTYPE_H 1
| #define HAVE_GETOPT_H 1
| #define HAVE_ERR_H 1
| #define HAVE_SYS_MMAN_H 1
| #define HAVE_SYS_STAT_H 1
| #define HAVE_SYS_TYPES_H 1
| #define HAVE_SYS_TIME_H 1
| #define HAVE_SYS_SYSMACROS_H 1
| #define HAVE_SYS_IOCTL_H 1
| #define HAVE_ZLIB_H 1
| /* end confdefs.h.  */
| #include <bzlib.h>
configure:13041: result: no
configure:13041: checking for bzlib.h
configure:13041: result: no
configure:13055: checking lzma.h usability
configure:13055: gcc -c -g -O2  conftest.c >&5
configure:13055: $? = 0
configure:13055: result: yes
configure:13055: checking lzma.h presence
configure:13055: gcc -E  conftest.c
configure:13055: $? = 0
configure:13055: result: yes
configure:13055: checking for lzma.h
configure:13055: result: yes
configure:13070: checking zstd.h usability
configure:13070: gcc -c -g -O2  conftest.c >&5
conftest.c:85:10: fatal error: zstd.h: No such file or directory
   85 | #include <zstd.h>
      |          ^~~~~~~~
compilation terminated.
configure:13070: $? = 1
configure: failed program was:
| /* confdefs.h */
| #define PACKAGE_NAME "file"
| #define PACKAGE_TARNAME "file"
| #define PACKAGE_VERSION "5.46"
| #define PACKAGE_STRING "file 5.46"
| #define PACKAGE_BUGREPORT "christos@astron.com"
| #define PACKAGE_URL ""
| #define PACKAGE "file"
| #define VERSION "5.46"
| #define BUILTIN_ELF 1
| #define ELFCORE 1
| #define STDC_HEADERS 1
| #define HAVE_SYS_TYPES_H 1
| #define HAVE_SYS_STAT_H 1
| #define HAVE_STDLIB_H 1
| #define HAVE_STRING_H 1
| #define HAVE_MEMORY_H 1
| #define HAVE_STRINGS_H 1
| #define HAVE_INTTYPES_H 1
| #define HAVE_STDINT_H 1
| #define HAVE_UNISTD_H 1
| #define __EXTENSIONS__ 1
| #define _ALL_SOURCE 1
| #define _GNU_SOURCE 1
| #define _POSIX_PTHREAD_SEMANTICS 1
| #define _TANDEM_SOURCE 1
| #define HAVE_DLFCN_H 1
| #define LT_OBJDIR ".libs/"
| #define HAVE_VISIBILITY 1
| #define MAJOR_IN_SYSMACROS 1
| #define HAVE_SYS_WAIT_H 1
| #define HAVE_STDINT_H 1
| #define HAVE_FCNTL_H 1
| #define HAVE_INTTYPES_H 1
| #define HAVE_UNISTD_H 1
| #define HAVE_BYTESWAP_H 1
| #define HAVE_SPAWN_H 1
| #define HAVE_UTIME_H 1
| #define HAVE_WCHAR_H 1
| #define HAVE_WCTYPE_H 1
| #define HAVE_GETOPT_H 1
| #define HAVE_ERR_H 1
| #define HAVE_SYS_MMAN_H 1
| #define HAVE_SYS_STAT_H 1
| #define HAVE_SYS_TYPES_H 1
| #define HAVE_SYS_TIME_H 1
| #define HAVE_SYS_SYSMACROS_H 1
| #define HAVE_SYS_IOCTL_H 1
| #define HAVE_ZLIB_H 1
| #define HAVE_LZMA_H 1
| /* end confdefs.h.  */
| #include <stdio.h>
| #ifdef HAVE_SYS_TYPES_H
| # include <sys/types.h>
| #endif
| #ifdef HAVE_SYS_STAT_H
| # include <sys/stat.h>
| #endif
| #ifdef STDC_HEADERS
| # include <stdlib.h>
| # include <stddef.h>
| #else
| # ifdef HAVE_STDLIB_H
| #  include <stdlib.h>
| # endif
| #endif
| #ifdef HAVE_STRING_H
| # if !defined STDC_HEADERS && defined HAVE_MEMORY_H
| #  include <memory.h>
| # endif
| # include <string.h>
| #endif
| #ifdef HAVE_STRINGS_H
| # include <strings.h>
| #endif
| #ifdef HAVE_INTTYPES_H
| # include <inttypes.h>
| #endif
| #ifdef HAVE_STDINT_H
| # include <stdint.h>
| #endif
| #ifdef HAVE_UNISTD_H
| # include <unistd.h>
| #endif
| #include <zstd.h>
configure:13070: result: no
configure:13070: checking zstd.h presence
configure:13070: gcc -E  conftest.c
conftest.c:52:10: fatal error: zstd.h: No such file or directory
   52 | #include <zstd.h>
      |          ^~~~~~~~
compilation terminated.
configure:13070: $? = 1
configure: failed program was:
| /* confdefs.h */
| #define PACKAGE_NAME "file"
| #define PACKAGE_TARNAME "file"
| #define PACKAGE_VERSION "5.46"
| #define PACKAGE_STRING "file 5.46"
| #define PACKAGE_BUGREPORT "christos@astron.com"
| #define PACKAGE_URL ""
| #define PACKAGE "file"
| #define VERSION "5.46"
| #define BUILTIN_ELF 1
| #define ELFCORE 1
| #define STDC_HEADERS 1
| #define HAVE_SYS_TYPES_H 1
| #define HAVE_SYS_STAT_H 1
| #define HAVE_STDLIB_H 1
| #define HAVE_STRING_H 1
| #define HAVE_MEMORY_H 1
| #define HAVE_STRINGS_H 1
| #define HAVE_INTTYPES_H 1
| #define HAVE_STDINT_H 1
| #define HAVE_UNISTD_H 1
| #define __EXTENSIONS__ 1
| #define _ALL_SOURCE 1
| #define _GNU_SOURCE 1
| #define _POSIX_PTHREAD_SEMANTICS 1
| #define _TANDEM_SOURCE 1
| #define HAVE_DLFCN_H 1
| #define LT_OBJDIR ".libs/"
| #define HAVE_VISIBILITY 1
| #define MAJOR_IN_SYSMACROS 1
| #define HAVE_SYS_WAIT_H 1
| #define HAVE_STDINT_H 1
| #define HAVE_FCNTL_H 1
| #define HAVE_INTTYPES_H 1
| #define HAVE_UNISTD_H 1
| #define HAVE_BYTESWAP_H 1
| #define HAVE_SPAWN_H 1
| #define HAVE_UTIME_H 1
| #define HAVE_WCHAR_H 1
| #define HAVE_WCTYPE_H 1
| #define HAVE_GETOPT_H 1
| #define HAVE_ERR_H 1
| #define HAVE_SYS_MMAN_H 1
| #define HAVE_SYS_STAT_H 1
| #define HAVE_SYS_TYPES_H 1
| #define HAVE_SYS_TIME_H 1
| #define HAVE_SYS_SYSMACROS_H 1
| #define HAVE_SYS_IOCTL_H 1
| #define HAVE_ZLIB_H 1
| #define HAVE_LZMA_H 1
| /* end confdefs.h.  */
| #include <zstd.h>
configure:13070: result: no
configure:13070: checking for zstd.h
configure:13070: result: no
configure:13070: checking zstd_errors.h usability
configure:13070: gcc -c -g -O2  conftest.c >&5
conftest.c:85:10: fatal error: zstd_errors.h: No such file or directory
   85 | #include <zstd_errors.h>
      |          ^~~~~~~~~~~~~~~
compilation terminated.
configure:13070: $? = 1
configure: failed program was:
| /* confdefs.h */
| #define PACKAGE_NAME "file"
| #define PACKAGE_TARNAME "file"
| #define PACKAGE_VERSION "5.46"
| #define PACKAGE_STRING "file 5.46"
| #define PACKAGE_BUGREPORT "christos@astron.com"
| #define PACKAGE_URL ""
| #define PACKAGE "file"
| #define VERSION "5.46"
| #define BUILTIN_ELF 1
| #define ELFCORE 1
| #define STDC_HEADERS 1
| #define HAVE_SYS_TYPES_H 1
| #define HAVE_SYS_STAT_H 1
| #define HAVE_STDLIB_H 1
| #define HAVE_STRING_H 1
| #define HAVE_MEMORY_H 1
| #define HAVE_STRINGS_H 1
| #define HAVE_INTTYPES_H 1
| #define HAVE_STDINT_H 1
| #define HAVE_UNISTD_H 1
| #define __EXTENSIONS__ 1
| #define _ALL_SOURCE 1
| #define _GNU_SOURCE 1
| #define _POSIX_PTHREAD_SEMANTICS 1
| #define _TANDEM_SOURCE 1
| #define HAVE_DLFCN_H 1
| #define LT_OBJDIR ".libs/"
| #define HAVE_VISIBILITY 1
| #define MAJOR_IN_SYSMACROS 1
| #define HAVE_SYS_WAIT_H 1
| #define HAVE_STDINT_H 1
| #define HAVE_FCNTL_H 1
| #define HAVE_INTTYPES_H 1
| #define HAVE_UNISTD_H 1
| #define HAVE_BYTESWAP_H 1
| #define HAVE_SPAWN_H 1
| #define HAVE_UTIME_H 1
| #define HAVE_WCHAR_H 1
| #define HAVE_WCTYPE_H 1
| #define HAVE_GETOPT_H 1
| #define HAVE_ERR_H 1
| #define HAVE_SYS_MMAN_H 1
| #define HAVE_SYS_STAT_H 1
| #define HAVE_SYS_TYPES_H 1
| #define HAVE_SYS_TIME_H 1
| #define HAVE_SYS_SYSMACROS_H 1
| #define HAVE_SYS_IOCTL_H 1
| #define HAVE_ZLIB_H 1
| #define HAVE_LZMA_H 1
| /* end confdefs.h.  */
| #include <stdio.h>
| #ifdef HAVE_SYS_TYPES_H
| # include <sys/types.h>
| #endif
| #ifdef HAVE_SYS_STAT_H
| # include <sys/stat.h>
| #endif
| #ifdef STDC_HEADERS
| # include <stdlib.h>
| # include <stddef.h>
| #else
| # ifdef HAVE_STDLIB_H
| #  include <stdlib.h>
| # endif
| #endif
| #ifdef HAVE_STRING_H
| # if !defined STDC_HEADERS && defined HAVE_MEMORY_H
| #  include <memory.h>
| # endif
| # include <string.h>
| #endif
| #ifdef HAVE_STRINGS_H
| # include <strings.h>
| #endif
| #ifdef HAVE_INTTYPES_H
| # include <inttypes.h>
| #endif
| #ifdef HAVE_STDINT_H
| # include <stdint.h>
| #endif
| #ifdef HAVE_UNISTD_H
| # include <unistd.h>
| #endif
| #include <zstd_errors.h>
configure:13070: result: no
configure:13070: checking zstd_errors.h presence
configure:13070: gcc -E  conftest.c
conftest.c:52:10: fatal error: zstd_errors.h: No such file or directory
   52 | #include <zstd_errors.h>
      |          ^~~~~~~~~~~~~~~
compilation terminated.
configure:13070: $? = 1
configure: failed program was:
| /* confdefs.h */
| #define PACKAGE_NAME "file"
| #define PACKAGE_TARNAME "file"
| #define PACKAGE_VERSION "5.46"
| #define PACKAGE_STRING "file 5.46"
| #define PACKAGE_BUGREPORT "christos@astron.com"
| #define PACKAGE_URL ""
| #define PACKAGE "file"
| #define VERSION "5.46"
| #define BUILTIN_ELF 1
| #define ELFCORE 1
| #define STDC_HEADERS 1
| #define HAVE_SYS_TYPES_H 1
| #define HAVE_SYS_STAT_H 1
| #define HAVE_STDLIB_H 1
| #define HAVE_STRING_H 1
| #define HAVE_MEMORY_H 1
| #define HAVE_STRINGS_H 1
| #define HAVE_INTTYPES_H 1
| #define HAVE_STDINT_H 1
| #define HAVE_UNISTD_H 1
| #define __EXTENSIONS__ 1
| #define _ALL_SOURCE 1
| #define _GNU_SOURCE 1
| #define _POSIX_PTHREAD_SEMANTICS 1
| #define _TANDEM_SOURCE 1
| #define HAVE_DLFCN_H 1
| #define LT_OBJDIR ".libs/"
| #define HAVE_VISIBILITY 1
| #define MAJOR_IN_SYSMACROS 1
| #define HAVE_SYS_WAIT_H 1
| #define HAVE_STDINT_H 1
| #define HAVE_FCNTL_H 1
| #define HAVE_INTTYPES_H 1
| #define HAVE_UNISTD_H 1
| #define HAVE_BYTESWAP_H 1
| #define HAVE_SPAWN_H 1
| #define HAVE_UTIME_H 1
| #define HAVE_WCHAR_H 1
| #define HAVE_WCTYPE_H 1
| #define HAVE_GETOPT_H 1
| #define HAVE_ERR_H 1
| #define HAVE_SYS_MMAN_H 1
| #define HAVE_SYS_STAT_H 1
| #define HAVE_SYS_TYPES_H 1
| #define HAVE_SYS_TIME_H 1
| #define HAVE_SYS_SYSMACROS_H 1
| #define HAVE_SYS_IOCTL_H 1
| #define HAVE_ZLIB_H 1
| #define HAVE_LZMA_H 1
| /* end confdefs.h.  */
| #include <zstd_errors.h>
configure:13070: result: no
configure:13070: checking for zstd_errors.h
configure:13070: result: no
configure:13084: checking lzlib.h usability
configure:13084: gcc -c -g -O2  conftest.c >&5
conftest.c:85:10: fatal error: lzlib.h: No such file or directory
   85 | #include <lzlib.h>
      |          ^~~~~~~~~
compilation terminated.
configure:13084: $? = 1
configure: failed program was:
| /* confdefs.h */
| #define PACKAGE_NAME "file"
| #define PACKAGE_TARNAME "file"
| #define PACKAGE_VERSION "5.46"
| #define PACKAGE_STRING "file 5.46"
| #define PACKAGE_BUGREPORT "christos@astron.com"
| #define PACKAGE_URL ""
| #define PACKAGE "file"
| #define VERSION "5.46"
| #define BUILTIN_ELF 1
| #define ELFCORE 1
| #define STDC_HEADERS 1
| #define HAVE_SYS_TYPES_H 1
| #define HAVE_SYS_STAT_H 1
| #define HAVE_STDLIB_H 1
| #define HAVE_STRING_H 1
| #define HAVE_MEMORY_H 1
| #define HAVE_STRINGS_H 1
| #define HAVE_INTTYPES_H 1
| #define HAVE_STDINT_H 1
| #define HAVE_UNISTD_H 1
| #define __EXTENSIONS__ 1
| #define _ALL_SOURCE 1
| #define _GNU_SOURCE 1
| #define _POSIX_PTHREAD_SEMANTICS 1
| #define _TANDEM_SOURCE 1
| #define HAVE_DLFCN_H 1
| #define LT_OBJDIR ".libs/"
| #define HAVE_VISIBILITY 1
| #define MAJOR_IN_SYSMACROS 1
| #define HAVE_SYS_WAIT_H 1
| #define HAVE_STDINT_H 1
| #define HAVE_FCNTL_H 1
| #define HAVE_INTTYPES_H 1
| #define HAVE_UNISTD_H 1
| #define HAVE_BYTESWAP_H 1
| #define HAVE_SPAWN_H 1
| #define HAVE_UTIME_H 1
| #define HAVE_WCHAR_H 1
| #define HAVE_WCTYPE_H 1
| #define HAVE_GETOPT_H 1
| #define HAVE_ERR_H 1
| #define HAVE_SYS_MMAN_H 1
| #define HAVE_SYS_STAT_H 1
| #define HAVE_SYS_TYPES_H 1
| #define HAVE_SYS_TIME_H 1
| #define HAVE_SYS_SYSMACROS_H 1
| #define HAVE_SYS_IOCTL_H 1
| #define HAVE_ZLIB_H 1
| #define HAVE_LZMA_H 1
| /* end confdefs.h.  */
| #include <stdio.h>
| #ifdef HAVE_SYS_TYPES_H
| # include <sys/types.h>
| #endif
| #ifdef HAVE_SYS_STAT_H
| # include <sys/stat.h>
| #endif
| #ifdef STDC_HEADERS
| # include <stdlib.h>
| # include <stddef.h>
| #else
| # ifdef HAVE_STDLIB_H
| #  include <stdlib.h>
| # endif
| #endif
| #ifdef HAVE_STRING_H
| # if !defined STDC_HEADERS && defined HAVE_MEMORY_H
| #  include <memory.h>
| # endif
| # include <string.h>
| #endif
| #ifdef HAVE_STRINGS_H
| # include <strings.h>
| #endif
| #ifdef HAVE_INTTYPES_H
| # include <inttypes.h>
| #endif
| #ifdef HAVE_STDINT_H
| # include <stdint.h>
| #endif
| #ifdef HAVE_UNISTD_H
| # include <unistd.h>
| #endif
| #include <lzlib.h>
configure:13084: result: no
configure:13084: checking lzlib.h presence
configure:13084: gcc -E  conftest.c
conftest.c:52:10: fatal error: lzlib.h: No such file or directory
   52 | #include <lzlib.h>
      |          ^~~~~~~~~
compilation terminated.
configure:13084: $? = 1
configure: failed program was:
| /* confdefs.h */
| #define PACKAGE_NAME "file"
| #define PACKAGE_TARNAME "file"
| #define PACKAGE_VERSION "5.46"
| #define PACKAGE_STRING "file 5.46"
| #define PACKAGE_BUGREPORT "christos@astron.com"
| #define PACKAGE_URL ""
| #define PACKAGE "file"
| #define VERSION "5.46"
| #define BUILTIN_ELF 1
| #define ELFCORE 1
| #define STDC_HEADERS 1
| #define HAVE_SYS_TYPES_H 1
| #define HAVE_SYS_STAT_H 1
| #define HAVE_STDLIB_H 1
| #define HAVE_STRING_H 1
| #define HAVE_MEMORY_H 1
| #define HAVE_STRINGS_H 1
| #define HAVE_INTTYPES_H 1
| #define HAVE_STDINT_H 1
| #define HAVE_UNISTD_H 1
| #define __EXTENSIONS__ 1
| #define _ALL_SOURCE 1
| #define _GNU_SOURCE 1
| #define _POSIX_PTHREAD_SEMANTICS 1
| #define _TANDEM_SOURCE 1
| #define HAVE_DLFCN_H 1
| #define LT_OBJDIR ".libs/"
| #define HAVE_VISIBILITY 1
| #define MAJOR_IN_SYSMACROS 1
| #define HAVE_SYS_WAIT_H 1
| #define HAVE_STDINT_H 1
| #define HAVE_FCNTL_H 1
| #define HAVE_INTTYPES_H 1
| #define HAVE_UNISTD_H 1
| #define HAVE_BYTESWAP_H 1
| #define HAVE_SPAWN_H 1
| #define HAVE_UTIME_H 1
| #define HAVE_WCHAR_H 1
| #define HAVE_WCTYPE_H 1
| #define HAVE_GETOPT_H 1
| #define HAVE_ERR_H 1
| #define HAVE_SYS_MMAN_H 1
| #define HAVE_SYS_STAT_H 1
| #define HAVE_SYS_TYPES_H 1
| #define HAVE_SYS_TIME_H 1
| #define HAVE_SYS_SYSMACROS_H 1
| #define HAVE_SYS_IOCTL_H 1
| #define HAVE_ZLIB_H 1
| #define HAVE_LZMA_H 1
| /* end confdefs.h.  */
| #include <lzlib.h>
configure:13084: result: no
configure:13084: checking for lzlib.h
configure:13084: result: no
configure:13098: checking Lrzip.h usability
configure:13098: gcc -c -g -O2  conftest.c >&5
conftest.c:85:10: fatal error: Lrzip.h: No such file or directory
   85 | #include <Lrzip.h>
      |          ^~~~~~~~~
compilation terminated.
configure:13098: $? = 1
configure: failed program was:
| /* confdefs.h */
| #define PACKAGE_NAME "file"
| #define PACKAGE_TARNAME "file"
| #define PACKAGE_VERSION "5.46"
| #define PACKAGE_STRING "file 5.46"
| #define PACKAGE_BUGREPORT "christos@astron.com"
| #define PACKAGE_URL ""
| #define PACKAGE "file"
| #define VERSION "5.46"
| #define BUILTIN_ELF 1
| #define ELFCORE 1
| #define STDC_HEADERS 1
| #define HAVE_SYS_TYPES_H 1
| #define HAVE_SYS_STAT_H 1
| #define HAVE_STDLIB_H 1
| #define HAVE_STRING_H 1
| #define HAVE_MEMORY_H 1
| #define HAVE_STRINGS_H 1
| #define HAVE_INTTYPES_H 1
| #define HAVE_STDINT_H 1
| #define HAVE_UNISTD_H 1
| #define __EXTENSIONS__ 1
| #define _ALL_SOURCE 1
| #define _GNU_SOURCE 1
| #define _POSIX_PTHREAD_SEMANTICS 1
| #define _TANDEM_SOURCE 1
| #define HAVE_DLFCN_H 1
| #define LT_OBJDIR ".libs/"
| #define HAVE_VISIBILITY 1
| #define MAJOR_IN_SYSMACROS 1
| #define HAVE_SYS_WAIT_H 1
| #define HAVE_STDINT_H 1
| #define HAVE_FCNTL_H 1
| #define HAVE_INTTYPES_H 1
| #define HAVE_UNISTD_H 1
| #define HAVE_BYTESWAP_H 1
| #define HAVE_SPAWN_H 1
| #define HAVE_UTIME_H 1
| #define HAVE_WCHAR_H 1
| #define HAVE_WCTYPE_H 1
| #define HAVE_GETOPT_H 1
| #define HAVE_ERR_H 1
| #define HAVE_SYS_MMAN_H 1
| #define HAVE_SYS_STAT_H 1
| #define HAVE_SYS_TYPES_H 1
| #define HAVE_SYS_TIME_H 1
| #define HAVE_SYS_SYSMACROS_H 1
| #define HAVE_SYS_IOCTL_H 1
| #define HAVE_ZLIB_H 1
| #define HAVE_LZMA_H 1
| /* end confdefs.h.  */
| #include <stdio.h>
| #ifdef HAVE_SYS_TYPES_H
| # include <sys/types.h>
| #endif
| #ifdef HAVE_SYS_STAT_H
| # include <sys/stat.h>
| #endif
| #ifdef STDC_HEADERS
| # include <stdlib.h>
| # include <stddef.h>
| #else
| # ifdef HAVE_STDLIB_H
| #  include <stdlib.h>
| # endif
| #endif
| #ifdef HAVE_STRING_H
| # if !defined STDC_HEADERS && defined HAVE_MEMORY_H
| #  include <memory.h>
| # endif
| # include <string.h>
| #endif
| #ifdef HAVE_STRINGS_H
| # include <strings.h>
| #endif
| #ifdef HAVE_INTTYPES_H
| # include <inttypes.h>
| #endif
| #ifdef HAVE_STDINT_H
| # include <stdint.h>
| #endif
| #ifdef HAVE_UNISTD_H
| # include <unistd.h>
| #endif
| #include <Lrzip.h>
configure:13098: result: no
configure:13098: checking Lrzip.h presence
configure:13098: gcc -E  conftest.c
conftest.c:52:10: fatal error: Lrzip.h: No such file or directory
   52 | #include <Lrzip.h>
      |          ^~~~~~~~~
compilation terminated.
configure:13098: $? = 1
configure: failed program was:
| /* confdefs.h */
| #define PACKAGE_NAME "file"
| #define PACKAGE_TARNAME "file"
| #define PACKAGE_VERSION "5.46"
| #define PACKAGE_STRING "file 5.46"
| #define PACKAGE_BUGREPORT "christos@astron.com"
| #define PACKAGE_URL ""
| #define PACKAGE "file"
| #define VERSION "5.46"
| #define BUILTIN_ELF 1
| #define ELFCORE 1
| #define STDC_HEADERS 1
| #define HAVE_SYS_TYPES_H 1
| #define HAVE_SYS_STAT_H 1
| #define HAVE_STDLIB_H 1
| #define HAVE_STRING_H 1
| #define HAVE_MEMORY_H 1
| #define HAVE_STRINGS_H 1
| #define HAVE_INTTYPES_H 1
| #define HAVE_STDINT_H 1
| #define HAVE_UNISTD_H 1
| #define __EXTENSIONS__ 1
| #define _ALL_SOURCE 1
| #define _GNU_SOURCE 1
| #define _POSIX_PTHREAD_SEMANTICS 1
| #define _TANDEM_SOURCE 1
| #define HAVE_DLFCN_H 1
| #define LT_OBJDIR ".libs/"
| #define HAVE_VISIBILITY 1
| #define MAJOR_IN_SYSMACROS 1
| #define HAVE_SYS_WAIT_H 1
| #define HAVE_STDINT_H 1
| #define HAVE_FCNTL_H 1
| #define HAVE_INTTYPES_H 1
| #define HAVE_UNISTD_H 1
| #define HAVE_BYTESWAP_H 1
| #define HAVE_SPAWN_H 1
| #define HAVE_UTIME_H 1
| #define HAVE_WCHAR_H 1
| #define HAVE_WCTYPE_H 1
| #define HAVE_GETOPT_H 1
| #define HAVE_ERR_H 1
| #define HAVE_SYS_MMAN_H 1
| #define HAVE_SYS_STAT_H 1
| #define HAVE_SYS_TYPES_H 1
| #define HAVE_SYS_TIME_H 1
| #define HAVE_SYS_SYSMACROS_H 1
| #define HAVE_SYS_IOCTL_H 1
| #define HAVE_ZLIB_H 1
| #define HAVE_LZMA_H 1
| /* end confdefs.h.  */
| #include <Lrzip.h>
configure:13098: result: no
configure:13098: checking for Lrzip.h
configure:13098: result: no
configure:13109: checking for sig_t
configure:13109: gcc -c -g -O2  conftest.c >&5
configure:13109: $? = 0
configure:13109: gcc -c -g -O2  conftest.c >&5
conftest.c: In function 'main':
conftest.c:57:20: error: expected expression before ')' token
   57 | if (sizeof ((sig_t)))
      |                    ^
configure:13109: $? = 1
configure: failed program was:
| /* confdefs.h */
| #define PACKAGE_NAME "file"
| #define PACKAGE_TARNAME "file"
| #define PACKAGE_VERSION "5.46"
| #define PACKAGE_STRING "file 5.46"
| #define PACKAGE_BUGREPORT "christos@astron.com"
| #define PACKAGE_URL ""
| #define PACKAGE "file"
| #define VERSION "5.46"
| #define BUILTIN_ELF 1
| #define ELFCORE 1
| #define STDC_HEADERS 1
| #define HAVE_SYS_TYPES_H 1
| #define HAVE_SYS_STAT_H 1
| #define HAVE_STDLIB_H 1
| #define HAVE_STRING_H 1
| #define HAVE_MEMORY_H 1
| #define HAVE_STRINGS_H 1
| #define HAVE_INTTYPES_H 1
| #define HAVE_STDINT_H 1
| #define HAVE_UNISTD_H 1
| #define __EXTENSIONS__ 1
| #define _ALL_SOURCE 1
| #define _GNU_SOURCE 1
| #define _POSIX_PTHREAD_SEMANTICS 1
| #define _TANDEM_SOURCE 1
| #define HAVE_DLFCN_H 1
| #define LT_OBJDIR ".libs/"
| #define HAVE_VISIBILITY 1
| #define MAJOR_IN_SYSMACROS 1
| #define HAVE_SYS_WAIT_H 1
| #define HAVE_STDINT_H 1
| #define HAVE_FCNTL_H 1
| #define HAVE_INTTYPES_H 1
| #define HAVE_UNISTD_H 1
| #define HAVE_BYTESWAP_H 1
| #define HAVE_SPAWN_H 1
| #define HAVE_UTIME_H 1
| #define HAVE_WCHAR_H 1
| #define HAVE_WCTYPE_H 1
| #define HAVE_GETOPT_H 1
| #define HAVE_ERR_H 1
| #define HAVE_SYS_MMAN_H 1
| #define HAVE_SYS_STAT_H 1
| #define HAVE_SYS_TYPES_H 1
| #define HAVE_SYS_TIME_H 1
| #define HAVE_SYS_SYSMACROS_H 1
| #define HAVE_SYS_IOCTL_H 1
| #define HAVE_ZLIB_H 1
| #define HAVE_LZMA_H 1
| /* end confdefs.h.  */
| #include <signal.h>
| 
| int
| main ()
| {
| if (sizeof ((sig_t)))
| 	    return 0;
|   ;
|   return 0;
| }
configure:13109: result: yes
configure:13118: checking for off_t
configure:13118: gcc -c -g -O2  conftest.c >&5
configure:13118: $? = 0
configure:13118: gcc -c -g -O2  conftest.c >&5
conftest.c: In function 'main':
conftest.c:89:20: error: expected expression before ')' token
   89 | if (sizeof ((off_t)))
      |                    ^
configure:13118: $? = 1
configure: failed program was:
| /* confdefs.h */
| #define PACKAGE_NAME "file"
| #define PACKAGE_TARNAME "file"
| #define PACKAGE_VERSION "5.46"
| #define PACKAGE_STRING "file 5.46"
| #define PACKAGE_BUGREPORT "christos@astron.com"
| #define PACKAGE_URL ""
| #define PACKAGE "file"
| #define VERSION "5.46"
| #define BUILTIN_ELF 1
| #define ELFCORE 1
| #define STDC_HEADERS 1
| #define HAVE_SYS_TYPES_H 1
| #define HAVE_SYS_STAT_H 1
| #define HAVE_STDLIB_H 1
| #define HAVE_STRING_H 1
| #define HAVE_MEMORY_H 1
| #define HAVE_STRINGS_H 1
| #define HAVE_INTTYPES_H 1
| #define HAVE_STDINT_H 1
| #define HAVE_UNISTD_H 1
| #define __EXTENSIONS__ 1
| #define _ALL_SOURCE 1
| #define _GNU_SOURCE 1
| #define _POSIX_PTHREAD_SEMANTICS 1
| #define _TANDEM_SOURCE 1
| #define HAVE_DLFCN_H 1
| #define LT_OBJDIR ".libs/"
| #define HAVE_VISIBILITY 1
| #define MAJOR_IN_SYSMACROS 1
| #define HAVE_SYS_WAIT_H 1
| #define HAVE_STDINT_H 1
| #define HAVE_FCNTL_H 1
| #define HAVE_INTTYPES_H 1
| #define HAVE_UNISTD_H 1
| #define HAVE_BYTESWAP_H 1
| #define HAVE_SPAWN_H 1
| #define HAVE_UTIME_H 1
| #define HAVE_WCHAR_H 1
| #define HAVE_WCTYPE_H 1
| #define HAVE_GETOPT_H 1
| #define HAVE_ERR_H 1
| #define HAVE_SYS_MMAN_H 1
| #define HAVE_SYS_STAT_H 1
| #define HAVE_SYS_TYPES_H 1
| #define HAVE_SYS_TIME_H 1
| #define HAVE_SYS_SYSMACROS_H 1
| #define HAVE_SYS_IOCTL_H 1
| #define HAVE_ZLIB_H 1
| #define HAVE_LZMA_H 1
| #define HAVE_SIG_T 1
| /* end confdefs.h.  */
| #include <stdio.h>
| #ifdef HAVE_SYS_TYPES_H
| # include <sys/types.h>
| #endif
| #ifdef HAVE_SYS_STAT_H
| # include <sys/stat.h>
| #endif
| #ifdef STDC_HEADERS
| # include <stdlib.h>
| # include <stddef.h>
| #else
| # ifdef HAVE_STDLIB_H
| #  include <stdlib.h>
| # endif
| #endif
| #ifdef HAVE_STRING_H
| # if !defined STDC_HEADERS && defined HAVE_MEMORY_H
| #  include <memory.h>
| # endif
| # include <string.h>
| #endif
| #ifdef HAVE_STRINGS_H
| # include <strings.h>
| #endif
| #ifdef HAVE_INTTYPES_H
| # include <inttypes.h>
| #endif
| #ifdef HAVE_STDINT_H
| # include <stdint.h>
| #endif
| #ifdef HAVE_UNISTD_H
| # include <unistd.h>
| #endif
| int
| main ()
| {
| if (sizeof ((off_t)))
| 	    return 0;
|   ;
|   return 0;
| }
configure:13118: result: yes
configure:13129: checking for size_t
configure:13129: gcc -c -g -O2  conftest.c >&5
configure:13129: $? = 0
configure:13129: gcc -c -g -O2  conftest.c >&5
conftest.c: In function 'main':
conftest.c:89:21: error: expected expression before ')' token
   89 | if (sizeof ((size_t)))
      |                     ^
configure:13129: $? = 1
configure: failed program was:
| /* confdefs.h */
| #define PACKAGE_NAME "file"
| #define PACKAGE_TARNAME "file"
| #define PACKAGE_VERSION "5.46"
| #define PACKAGE_STRING "file 5.46"
| #define PACKAGE_BUGREPORT "christos@astron.com"
| #define PACKAGE_URL ""
| #define PACKAGE "file"
| #define VERSION "5.46"
| #define BUILTIN_ELF 1
| #define ELFCORE 1
| #define STDC_HEADERS 1
| #define HAVE_SYS_TYPES_H 1
| #define HAVE_SYS_STAT_H 1
| #define HAVE_STDLIB_H 1
| #define HAVE_STRING_H 1
| #define HAVE_MEMORY_H 1
| #define HAVE_STRINGS_H 1
| #define HAVE_INTTYPES_H 1
| #define HAVE_STDINT_H 1
| #define HAVE_UNISTD_H 1
| #define __EXTENSIONS__ 1
| #define _ALL_SOURCE 1
| #define _GNU_SOURCE 1
| #define _POSIX_PTHREAD_SEMANTICS 1
| #define _TANDEM_SOURCE 1
| #define HAVE_DLFCN_H 1
| #define LT_OBJDIR ".libs/"
| #define HAVE_VISIBILITY 1
| #define MAJOR_IN_SYSMACROS 1
| #define HAVE_SYS_WAIT_H 1
| #define HAVE_STDINT_H 1
| #define HAVE_FCNTL_H 1
| #define HAVE_INTTYPES_H 1
| #define HAVE_UNISTD_H 1
| #define HAVE_BYTESWAP_H 1
| #define HAVE_SPAWN_H 1
| #define HAVE_UTIME_H 1
| #define HAVE_WCHAR_H 1
| #define HAVE_WCTYPE_H 1
| #define HAVE_GETOPT_H 1
| #define HAVE_ERR_H 1
| #define HAVE_SYS_MMAN_H 1
| #define HAVE_SYS_STAT_H 1
| #define HAVE_SYS_TYPES_H 1
| #define HAVE_SYS_TIME_H 1
| #define HAVE_SYS_SYSMACROS_H 1
| #define HAVE_SYS_IOCTL_H 1
| #define HAVE_ZLIB_H 1
| #define HAVE_LZMA_H 1
| #define HAVE_SIG_T 1
| /* end confdefs.h.  */
| #include <stdio.h>
| #ifdef HAVE_SYS_TYPES_H
| # include <sys/types.h>
| #endif
| #ifdef HAVE_SYS_STAT_H
| # include <sys/stat.h>
| #endif
| #ifdef STDC_HEADERS
| # include <stdlib.h>
| # include <stddef.h>
| #else
| # ifdef HAVE_STDLIB_H
| #  include <stdlib.h>
| # endif
| #endif
| #ifdef HAVE_STRING_H
| # if !defined STDC_HEADERS && defined HAVE_MEMORY_H
| #  include <memory.h>
| # endif
| # include <string.h>
| #endif
| #ifdef HAVE_STRINGS_H
| # include <strings.h>
| #endif
| #ifdef HAVE_INTTYPES_H
| # include <inttypes.h>
| #endif
| #ifdef HAVE_STDINT_H
| # include <stdint.h>
| #endif
| #ifdef HAVE_UNISTD_H
| # include <unistd.h>
| #endif
| int
| main ()
| {
| if (sizeof ((size_t)))
| 	    return 0;
|   ;
|   return 0;
| }
configure:13129: result: yes
configure:13140: checking for struct stat.st_rdev
configure:13140: gcc -c -g -O2  conftest.c >&5
configure:13140: $? = 0
configure:13140: result: yes
configure:13151: checking for struct tm.tm_gmtoff
configure:13151: gcc -c -g -O2  conftest.c >&5
configure:13151: $? = 0
configure:13151: result: yes
configure:13162: checking whether struct tm is in sys/time.h or time.h
configure:13182: gcc -c -g -O2  conftest.c >&5
configure:13182: $? = 0
configure:13189: result: time.h
configure:13197: checking for struct tm.tm_zone
configure:13197: gcc -c -g -O2  conftest.c >&5
configure:13197: $? = 0
configure:13197: result: yes
configure:13264: checking for tm_zone in struct tm
configure:13281: gcc -c -g -O2  conftest.c >&5
configure:13281: $? = 0
configure:13288: result: yes
configure:13298: checking whether tzname is declared
configure:13298: gcc -c -g -O2  conftest.c >&5
configure:13298: $? = 0
configure:13298: result: yes
configure:13310: checking for tzname
configure:13329: gcc -o conftest -g -O2   conftest.c  >&5
configure:13329: $? = 0
configure:13337: result: yes
configure:13345: checking for tm_isdst in struct tm
configure:13362: gcc -c -g -O2  conftest.c >&5
configure:13362: $? = 0
configure:13369: result: yes
configure:13378: checking whether daylight is declared
configure:13378: gcc -c -g -O2  conftest.c >&5
configure:13378: $? = 0
configure:13378: result: yes
configure:13391: checking for daylight
configure:13411: gcc -o conftest -g -O2   conftest.c  >&5
configure:13411: $? = 0
configure:13419: result: yes
configure:13434: checking for special C compiler options needed for large files
configure:13479: result: no
configure:13485: checking for _FILE_OFFSET_BITS value needed for large files
configure:13510: gcc -c -g -O2  conftest.c >&5
configure:13510: $? = 0
configure:13542: result: no
configure:13627: checking for _LARGEFILE_SOURCE value needed for large files
configure:13646: gcc -o conftest -g -O2   conftest.c  >&5
configure:13646: $? = 0
configure:13674: result: no
configure:13695: checking for mbstate_t
configure:13712: gcc -c -g -O2  conftest.c >&5
configure:13712: $? = 0
configure:13719: result: yes
configure:13731: checking for struct option in getopt
configure:13747: gcc -c -g -O2  conftest.c >&5
configure:13747: $? = 0
configure:13754: result: yes
configure:13762: checking for pid_t
configure:13762: gcc -c -g -O2  conftest.c >&5
configure:13762: $? = 0
configure:13762: gcc -c -g -O2  conftest.c >&5
conftest.c: In function 'main':
conftest.c:102:20: error: expected expression before ')' token
  102 | if (sizeof ((pid_t)))
      |                    ^
configure:13762: $? = 1
configure: failed program was:
| /* confdefs.h */
| #define PACKAGE_NAME "file"
| #define PACKAGE_TARNAME "file"
| #define PACKAGE_VERSION "5.46"
| #define PACKAGE_STRING "file 5.46"
| #define PACKAGE_BUGREPORT "christos@astron.com"
| #define PACKAGE_URL ""
| #define PACKAGE "file"
| #define VERSION "5.46"
| #define BUILTIN_ELF 1
| #define ELFCORE 1
| #define STDC_HEADERS 1
| #define HAVE_SYS_TYPES_H 1
| #define HAVE_SYS_STAT_H 1
| #define HAVE_STDLIB_H 1
| #define HAVE_STRING_H 1
| #define HAVE_MEMORY_H 1
| #define HAVE_STRINGS_H 1
| #define HAVE_INTTYPES_H 1
| #define HAVE_STDINT_H 1
| #define HAVE_UNISTD_H 1
| #define __EXTENSIONS__ 1
| #define _ALL_SOURCE 1
| #define _GNU_SOURCE 1
| #define _POSIX_PTHREAD_SEMANTICS 1
| #define _TANDEM_SOURCE 1
| #define HAVE_DLFCN_H 1
| #define LT_OBJDIR ".libs/"
| #define HAVE_VISIBILITY 1
| #define MAJOR_IN_SYSMACROS 1
| #define HAVE_SYS_WAIT_H 1
| #define HAVE_STDINT_H 1
| #define HAVE_FCNTL_H 1
| #define HAVE_INTTYPES_H 1
| #define HAVE_UNISTD_H 1
| #define HAVE_BYTESWAP_H 1
| #define HAVE_SPAWN_H 1
| #define HAVE_UTIME_H 1
| #define HAVE_WCHAR_H 1
| #define HAVE_WCTYPE_H 1
| #define HAVE_GETOPT_H 1
| #define HAVE_ERR_H 1
| #define HAVE_SYS_MMAN_H 1
| #define HAVE_SYS_STAT_H 1
| #define HAVE_SYS_TYPES_H 1
| #define HAVE_SYS_TIME_H 1
| #define HAVE_SYS_SYSMACROS_H 1
| #define HAVE_SYS_IOCTL_H 1
| #define HAVE_ZLIB_H 1
| #define HAVE_LZMA_H 1
| #define HAVE_SIG_T 1
| #define HAVE_STRUCT_STAT_ST_RDEV 1
| #define HAVE_STRUCT_TM_TM_GMTOFF 1
| #define HAVE_STRUCT_TM_TM_ZONE 1
| #define HAVE_TM_ZONE 1
| #define HAVE_TM_ZONE 1
| #define HAVE_DECL_TZNAME 1
| #define HAVE_TZNAME 1
| #define HAVE_TM_ISDST 1
| #define HAVE_DECL_DAYLIGHT 1
| #define HAVE_DAYLIGHT 1
| #define HAVE_FSEEKO 1
| #define HAVE_MBSTATE_T 1
| #define HAVE_STRUCT_OPTION 1
| /* end confdefs.h.  */
| #include <stdio.h>
| #ifdef HAVE_SYS_TYPES_H
| # include <sys/types.h>
| #endif
| #ifdef HAVE_SYS_STAT_H
| # include <sys/stat.h>
| #endif
| #ifdef STDC_HEADERS
| # include <stdlib.h>
| # include <stddef.h>
| #else
| # ifdef HAVE_STDLIB_H
| #  include <stdlib.h>
| # endif
| #endif
| #ifdef HAVE_STRING_H
| # if !defined STDC_HEADERS && defined HAVE_MEMORY_H
| #  include <memory.h>
| # endif
| # include <string.h>
| #endif
| #ifdef HAVE_STRINGS_H
| # include <strings.h>
| #endif
| #ifdef HAVE_INTTYPES_H
| # include <inttypes.h>
| #endif
| #ifdef HAVE_STDINT_H
| # include <stdint.h>
| #endif
| #ifdef HAVE_UNISTD_H
| # include <unistd.h>
| #endif
| int
| main ()
| {
| if (sizeof ((pid_t)))
| 	    return 0;
|   ;
|   return 0;
| }
configure:13762: result: yes
configure:13773: checking for uint8_t
configure:13773: gcc -c -g -O2  conftest.c >&5
configure:13773: $? = 0
configure:13773: result: yes
configure:13787: checking for uint16_t
configure:13787: gcc -c -g -O2  conftest.c >&5
configure:13787: $? = 0
configure:13787: result: yes
configure:13799: checking for uint32_t
configure:13799: gcc -c -g -O2  conftest.c >&5
configure:13799: $? = 0
configure:13799: result: yes
configure:13813: checking for int32_t
configure:13813: gcc -c -g -O2  conftest.c >&5
configure:13813: $? = 0
configure:13813: gcc -c -g -O2  conftest.c >&5
conftest.c: In function 'main':
conftest.c:104:67: warning: integer overflow in expression of type 'int' results in '-2147483648' [-Woverflow]
  104 |                  < (int32_t) (((((int32_t) 1 << N) << N) - 1) * 2 + 2))];
      |                                                                   ^
conftest.c:103:12: error: storage size of 'test_array' isn't constant
  103 | static int test_array [1 - 2 * !((int32_t) (((((int32_t) 1 << N) << N) - 1) * 2 + 1)
      |            ^~~~~~~~~~
configure:13813: $? = 1
configure: failed program was:
| /* confdefs.h */
| #define PACKAGE_NAME "file"
| #define PACKAGE_TARNAME "file"
| #define PACKAGE_VERSION "5.46"
| #define PACKAGE_STRING "file 5.46"
| #define PACKAGE_BUGREPORT "christos@astron.com"
| #define PACKAGE_URL ""
| #define PACKAGE "file"
| #define VERSION "5.46"
| #define BUILTIN_ELF 1
| #define ELFCORE 1
| #define STDC_HEADERS 1
| #define HAVE_SYS_TYPES_H 1
| #define HAVE_SYS_STAT_H 1
| #define HAVE_STDLIB_H 1
| #define HAVE_STRING_H 1
| #define HAVE_MEMORY_H 1
| #define HAVE_STRINGS_H 1
| #define HAVE_INTTYPES_H 1
| #define HAVE_STDINT_H 1
| #define HAVE_UNISTD_H 1
| #define __EXTENSIONS__ 1
| #define _ALL_SOURCE 1
| #define _GNU_SOURCE 1
| #define _POSIX_PTHREAD_SEMANTICS 1
| #define _TANDEM_SOURCE 1
| #define HAVE_DLFCN_H 1
| #define LT_OBJDIR ".libs/"
| #define HAVE_VISIBILITY 1
| #define MAJOR_IN_SYSMACROS 1
| #define HAVE_SYS_WAIT_H 1
| #define HAVE_STDINT_H 1
| #define HAVE_FCNTL_H 1
| #define HAVE_INTTYPES_H 1
| #define HAVE_UNISTD_H 1
| #define HAVE_BYTESWAP_H 1
| #define HAVE_SPAWN_H 1
| #define HAVE_UTIME_H 1
| #define HAVE_WCHAR_H 1
| #define HAVE_WCTYPE_H 1
| #define HAVE_GETOPT_H 1
| #define HAVE_ERR_H 1
| #define HAVE_SYS_MMAN_H 1
| #define HAVE_SYS_STAT_H 1
| #define HAVE_SYS_TYPES_H 1
| #define HAVE_SYS_TIME_H 1
| #define HAVE_SYS_SYSMACROS_H 1
| #define HAVE_SYS_IOCTL_H 1
| #define HAVE_ZLIB_H 1
| #define HAVE_LZMA_H 1
| #define HAVE_SIG_T 1
| #define HAVE_STRUCT_STAT_ST_RDEV 1
| #define HAVE_STRUCT_TM_TM_GMTOFF 1
| #define HAVE_STRUCT_TM_TM_ZONE 1
| #define HAVE_TM_ZONE 1
| #define HAVE_TM_ZONE 1
| #define HAVE_DECL_TZNAME 1
| #define HAVE_TZNAME 1
| #define HAVE_TM_ISDST 1
| #define HAVE_DECL_DAYLIGHT 1
| #define HAVE_DAYLIGHT 1
| #define HAVE_FSEEKO 1
| #define HAVE_MBSTATE_T 1
| #define HAVE_STRUCT_OPTION 1
| /* end confdefs.h.  */
| #include <stdio.h>
| #ifdef HAVE_SYS_TYPES_H
| # include <sys/types.h>
| #endif
| #ifdef HAVE_SYS_STAT_H
| # include <sys/stat.h>
| #endif
| #ifdef STDC_HEADERS
| # include <stdlib.h>
| # include <stddef.h>
| #else
| # ifdef HAVE_STDLIB_H
| #  include <stdlib.h>
| # endif
| #endif
| #ifdef HAVE_STRING_H
| # if !defined STDC_HEADERS && defined HAVE_MEMORY_H
| #  include <memory.h>
| # endif
| # include <string.h>
| #endif
| #ifdef HAVE_STRINGS_H
| # include <strings.h>
| #endif
| #ifdef HAVE_INTTYPES_H
| # include <inttypes.h>
| #endif
| #ifdef HAVE_STDINT_H
| # include <stdint.h>
| #endif
| #ifdef HAVE_UNISTD_H
| # include <unistd.h>
| #endif
| 	        enum { N = 32 / 2 - 1 };
| int
| main ()
| {
| static int test_array [1 - 2 * !((int32_t) (((((int32_t) 1 << N) << N) - 1) * 2 + 1)
| 		 < (int32_t) (((((int32_t) 1 << N) << N) - 1) * 2 + 2))];
| test_array [0] = 0;
| return test_array [0];
| 
|   ;
|   return 0;
| }
configure:13813: result: yes
configure:13824: checking for uint64_t
configure:13824: gcc -c -g -O2  conftest.c >&5
configure:13824: $? = 0
configure:13824: result: yes
configure:13838: checking for int64_t
configure:13838: gcc -c -g -O2  conftest.c >&5
configure:13838: $? = 0
configure:13838: gcc -c -g -O2  conftest.c >&5
conftest.c: In function 'main':
conftest.c:104:67: warning: integer overflow in expression of type 'long int' results in '-9223372036854775808' [-Woverflow]
  104 |                  < (int64_t) (((((int64_t) 1 << N) << N) - 1) * 2 + 2))];
      |                                                                   ^
conftest.c:103:12: error: storage size of 'test_array' isn't constant
  103 | static int test_array [1 - 2 * !((int64_t) (((((int64_t) 1 << N) << N) - 1) * 2 + 1)
      |            ^~~~~~~~~~
configure:13838: $? = 1
configure: failed program was:
| /* confdefs.h */
| #define PACKAGE_NAME "file"
| #define PACKAGE_TARNAME "file"
| #define PACKAGE_VERSION "5.46"
| #define PACKAGE_STRING "file 5.46"
| #define PACKAGE_BUGREPORT "christos@astron.com"
| #define PACKAGE_URL ""
| #define PACKAGE "file"
| #define VERSION "5.46"
| #define BUILTIN_ELF 1
| #define ELFCORE 1
| #define STDC_HEADERS 1
| #define HAVE_SYS_TYPES_H 1
| #define HAVE_SYS_STAT_H 1
| #define HAVE_STDLIB_H 1
| #define HAVE_STRING_H 1
| #define HAVE_MEMORY_H 1
| #define HAVE_STRINGS_H 1
| #define HAVE_INTTYPES_H 1
| #define HAVE_STDINT_H 1
| #define HAVE_UNISTD_H 1
| #define __EXTENSIONS__ 1
| #define _ALL_SOURCE 1
| #define _GNU_SOURCE 1
| #define _POSIX_PTHREAD_SEMANTICS 1
| #define _TANDEM_SOURCE 1
| #define HAVE_DLFCN_H 1
| #define LT_OBJDIR ".libs/"
| #define HAVE_VISIBILITY 1
| #define MAJOR_IN_SYSMACROS 1
| #define HAVE_SYS_WAIT_H 1
| #define HAVE_STDINT_H 1
| #define HAVE_FCNTL_H 1
| #define HAVE_INTTYPES_H 1
| #define HAVE_UNISTD_H 1
| #define HAVE_BYTESWAP_H 1
| #define HAVE_SPAWN_H 1
| #define HAVE_UTIME_H 1
| #define HAVE_WCHAR_H 1
| #define HAVE_WCTYPE_H 1
| #define HAVE_GETOPT_H 1
| #define HAVE_ERR_H 1
| #define HAVE_SYS_MMAN_H 1
| #define HAVE_SYS_STAT_H 1
| #define HAVE_SYS_TYPES_H 1
| #define HAVE_SYS_TIME_H 1
| #define HAVE_SYS_SYSMACROS_H 1
| #define HAVE_SYS_IOCTL_H 1
| #define HAVE_ZLIB_H 1
| #define HAVE_LZMA_H 1
| #define HAVE_SIG_T 1
| #define HAVE_STRUCT_STAT_ST_RDEV 1
| #define HAVE_STRUCT_TM_TM_GMTOFF 1
| #define HAVE_STRUCT_TM_TM_ZONE 1
| #define HAVE_TM_ZONE 1
| #define HAVE_TM_ZONE 1
| #define HAVE_DECL_TZNAME 1
| #define HAVE_TZNAME 1
| #define HAVE_TM_ISDST 1
| #define HAVE_DECL_DAYLIGHT 1
| #define HAVE_DAYLIGHT 1
| #define HAVE_FSEEKO 1
| #define HAVE_MBSTATE_T 1
| #define HAVE_STRUCT_OPTION 1
| /* end confdefs.h.  */
| #include <stdio.h>
| #ifdef HAVE_SYS_TYPES_H
| # include <sys/types.h>
| #endif
| #ifdef HAVE_SYS_STAT_H
| # include <sys/stat.h>
| #endif
| #ifdef STDC_HEADERS
| # include <stdlib.h>
| # include <stddef.h>
| #else
| # ifdef HAVE_STDLIB_H
| #  include <stdlib.h>
| # endif
| #endif
| #ifdef HAVE_STRING_H
| # if !defined STDC_HEADERS && defined HAVE_MEMORY_H
| #  include <memory.h>
| # endif
| # include <string.h>
| #endif
| #ifdef HAVE_STRINGS_H
| # include <strings.h>
| #endif
| #ifdef HAVE_INTTYPES_H
| # include <inttypes.h>
| #endif
| #ifdef HAVE_STDINT_H
| # include <stdint.h>
| #endif
| #ifdef HAVE_UNISTD_H
| # include <unistd.h>
| #endif
| 	        enum { N = 64 / 2 - 1 };
| int
| main ()
| {
| static int test_array [1 - 2 * !((int64_t) (((((int64_t) 1 << N) << N) - 1) * 2 + 1)
| 		 < (int64_t) (((((int64_t) 1 << N) << N) - 1) * 2 + 2))];
| test_array [0] = 0;
| return test_array [0];
| 
|   ;
|   return 0;
| }
configure:13838: result: yes
configure:13850: checking for intptr_t
configure:13850: gcc -c -g -O2  conftest.c >&5
configure:13850: $? = 0
configure:13850: gcc -c -g -O2  conftest.c >&5
conftest.c: In function 'main':
conftest.c:102:23: error: expected expression before ')' token
  102 | if (sizeof ((intptr_t)))
      |                       ^
configure:13850: $? = 1
configure: failed program was:
| /* confdefs.h */
| #define PACKAGE_NAME "file"
| #define PACKAGE_TARNAME "file"
| #define PACKAGE_VERSION "5.46"
| #define PACKAGE_STRING "file 5.46"
| #define PACKAGE_BUGREPORT "christos@astron.com"
| #define PACKAGE_URL ""
| #define PACKAGE "file"
| #define VERSION "5.46"
| #define BUILTIN_ELF 1
| #define ELFCORE 1
| #define STDC_HEADERS 1
| #define HAVE_SYS_TYPES_H 1
| #define HAVE_SYS_STAT_H 1
| #define HAVE_STDLIB_H 1
| #define HAVE_STRING_H 1
| #define HAVE_MEMORY_H 1
| #define HAVE_STRINGS_H 1
| #define HAVE_INTTYPES_H 1
| #define HAVE_STDINT_H 1
| #define HAVE_UNISTD_H 1
| #define __EXTENSIONS__ 1
| #define _ALL_SOURCE 1
| #define _GNU_SOURCE 1
| #define _POSIX_PTHREAD_SEMANTICS 1
| #define _TANDEM_SOURCE 1
| #define HAVE_DLFCN_H 1
| #define LT_OBJDIR ".libs/"
| #define HAVE_VISIBILITY 1
| #define MAJOR_IN_SYSMACROS 1
| #define HAVE_SYS_WAIT_H 1
| #define HAVE_STDINT_H 1
| #define HAVE_FCNTL_H 1
| #define HAVE_INTTYPES_H 1
| #define HAVE_UNISTD_H 1
| #define HAVE_BYTESWAP_H 1
| #define HAVE_SPAWN_H 1
| #define HAVE_UTIME_H 1
| #define HAVE_WCHAR_H 1
| #define HAVE_WCTYPE_H 1
| #define HAVE_GETOPT_H 1
| #define HAVE_ERR_H 1
| #define HAVE_SYS_MMAN_H 1
| #define HAVE_SYS_STAT_H 1
| #define HAVE_SYS_TYPES_H 1
| #define HAVE_SYS_TIME_H 1
| #define HAVE_SYS_SYSMACROS_H 1
| #define HAVE_SYS_IOCTL_H 1
| #define HAVE_ZLIB_H 1
| #define HAVE_LZMA_H 1
| #define HAVE_SIG_T 1
| #define HAVE_STRUCT_STAT_ST_RDEV 1
| #define HAVE_STRUCT_TM_TM_GMTOFF 1
| #define HAVE_STRUCT_TM_TM_ZONE 1
| #define HAVE_TM_ZONE 1
| #define HAVE_TM_ZONE 1
| #define HAVE_DECL_TZNAME 1
| #define HAVE_TZNAME 1
| #define HAVE_TM_ISDST 1
| #define HAVE_DECL_DAYLIGHT 1
| #define HAVE_DAYLIGHT 1
| #define HAVE_FSEEKO 1
| #define HAVE_MBSTATE_T 1
| #define HAVE_STRUCT_OPTION 1
| /* end confdefs.h.  */
| #include <stdio.h>
| #ifdef HAVE_SYS_TYPES_H
| # include <sys/types.h>
| #endif
| #ifdef HAVE_SYS_STAT_H
| # include <sys/stat.h>
| #endif
| #ifdef STDC_HEADERS
| # include <stdlib.h>
| # include <stddef.h>
| #else
| # ifdef HAVE_STDLIB_H
| #  include <stdlib.h>
| # endif
| #endif
| #ifdef HAVE_STRING_H
| # if !defined STDC_HEADERS && defined HAVE_MEMORY_H
| #  include <memory.h>
| # endif
| # include <string.h>
| #endif
| #ifdef HAVE_STRINGS_H
| # include <strings.h>
| #endif
| #ifdef HAVE_INTTYPES_H
| # include <inttypes.h>
| #endif
| #ifdef HAVE_STDINT_H
| # include <stdint.h>
| #endif
| #ifdef HAVE_UNISTD_H
| # include <unistd.h>
| #endif
| int
| main ()
| {
| if (sizeof ((intptr_t)))
| 	    return 0;
|   ;
|   return 0;
| }
configure:13850: result: yes
configure:13886: checking for uintptr_t
configure:13886: gcc -c -g -O2  conftest.c >&5
configure:13886: $? = 0
configure:13886: gcc -c -g -O2  conftest.c >&5
conftest.c: In function 'main':
conftest.c:103:24: error: expected expression before ')' token
  103 | if (sizeof ((uintptr_t)))
      |                        ^
configure:13886: $? = 1
configure: failed program was:
| /* confdefs.h */
| #define PACKAGE_NAME "file"
| #define PACKAGE_TARNAME "file"
| #define PACKAGE_VERSION "5.46"
| #define PACKAGE_STRING "file 5.46"
| #define PACKAGE_BUGREPORT "christos@astron.com"
| #define PACKAGE_URL ""
| #define PACKAGE "file"
| #define VERSION "5.46"
| #define BUILTIN_ELF 1
| #define ELFCORE 1
| #define STDC_HEADERS 1
| #define HAVE_SYS_TYPES_H 1
| #define HAVE_SYS_STAT_H 1
| #define HAVE_STDLIB_H 1
| #define HAVE_STRING_H 1
| #define HAVE_MEMORY_H 1
| #define HAVE_STRINGS_H 1
| #define HAVE_INTTYPES_H 1
| #define HAVE_STDINT_H 1
| #define HAVE_UNISTD_H 1
| #define __EXTENSIONS__ 1
| #define _ALL_SOURCE 1
| #define _GNU_SOURCE 1
| #define _POSIX_PTHREAD_SEMANTICS 1
| #define _TANDEM_SOURCE 1
| #define HAVE_DLFCN_H 1
| #define LT_OBJDIR ".libs/"
| #define HAVE_VISIBILITY 1
| #define MAJOR_IN_SYSMACROS 1
| #define HAVE_SYS_WAIT_H 1
| #define HAVE_STDINT_H 1
| #define HAVE_FCNTL_H 1
| #define HAVE_INTTYPES_H 1
| #define HAVE_UNISTD_H 1
| #define HAVE_BYTESWAP_H 1
| #define HAVE_SPAWN_H 1
| #define HAVE_UTIME_H 1
| #define HAVE_WCHAR_H 1
| #define HAVE_WCTYPE_H 1
| #define HAVE_GETOPT_H 1
| #define HAVE_ERR_H 1
| #define HAVE_SYS_MMAN_H 1
| #define HAVE_SYS_STAT_H 1
| #define HAVE_SYS_TYPES_H 1
| #define HAVE_SYS_TIME_H 1
| #define HAVE_SYS_SYSMACROS_H 1
| #define HAVE_SYS_IOCTL_H 1
| #define HAVE_ZLIB_H 1
| #define HAVE_LZMA_H 1
| #define HAVE_SIG_T 1
| #define HAVE_STRUCT_STAT_ST_RDEV 1
| #define HAVE_STRUCT_TM_TM_GMTOFF 1
| #define HAVE_STRUCT_TM_TM_ZONE 1
| #define HAVE_TM_ZONE 1
| #define HAVE_TM_ZONE 1
| #define HAVE_DECL_TZNAME 1
| #define HAVE_TZNAME 1
| #define HAVE_TM_ISDST 1
| #define HAVE_DECL_DAYLIGHT 1
| #define HAVE_DAYLIGHT 1
| #define HAVE_FSEEKO 1
| #define HAVE_MBSTATE_T 1
| #define HAVE_STRUCT_OPTION 1
| #define HAVE_INTPTR_T 1
| /* end confdefs.h.  */
| #include <stdio.h>
| #ifdef HAVE_SYS_TYPES_H
| # include <sys/types.h>
| #endif
| #ifdef HAVE_SYS_STAT_H
| # include <sys/stat.h>
| #endif
| #ifdef STDC_HEADERS
| # include <stdlib.h>
| # include <stddef.h>
| #else
| # ifdef HAVE_STDLIB_H
| #  include <stdlib.h>
| # endif
| #endif
| #ifdef HAVE_STRING_H
| # if !defined STDC_HEADERS && defined HAVE_MEMORY_H
| #  include <memory.h>
| # endif
| # include <string.h>
| #endif
| #ifdef HAVE_STRINGS_H
| # include <strings.h>
| #endif
| #ifdef HAVE_INTTYPES_H
| # include <inttypes.h>
| #endif
| #ifdef HAVE_STDINT_H
| # include <stdint.h>
| #endif
| #ifdef HAVE_UNISTD_H
| # include <unistd.h>
| #endif
| int
| main ()
| {
| if (sizeof ((uintptr_t)))
| 	    return 0;
|   ;
|   return 0;
| }
configure:13886: result: yes
configure:13949: checking for stdlib.h
configure:13949: result: yes
configure:13949: checking for unistd.h
configure:13949: result: yes
configure:13949: checking for sys/param.h
configure:13949: gcc -c -g -O2  conftest.c >&5
configure:13949: $? = 0
configure:13949: result: yes
configure:13969: checking for getpagesize
configure:13969: gcc -o conftest -g -O2   conftest.c  >&5
configure:13969: $? = 0
configure:13969: result: yes
configure:13978: checking for working mmap
configure:14125: gcc -o conftest -g -O2   conftest.c  >&5
configure:14125: $? = 0
configure:14125: ./conftest
configure:14125: $? = 0
configure:14135: result: yes
configure:14146: checking vfork.h usability
configure:14146: gcc -c -g -O2  conftest.c >&5
conftest.c:106:10: fatal error: vfork.h: No such file or directory
  106 | #include <vfork.h>
      |          ^~~~~~~~~
compilation terminated.
configure:14146: $? = 1
configure: failed program was:
| /* confdefs.h */
| #define PACKAGE_NAME "file"
| #define PACKAGE_TARNAME "file"
| #define PACKAGE_VERSION "5.46"
| #define PACKAGE_STRING "file 5.46"
| #define PACKAGE_BUGREPORT "christos@astron.com"
| #define PACKAGE_URL ""
| #define PACKAGE "file"
| #define VERSION "5.46"
| #define BUILTIN_ELF 1
| #define ELFCORE 1
| #define STDC_HEADERS 1
| #define HAVE_SYS_TYPES_H 1
| #define HAVE_SYS_STAT_H 1
| #define HAVE_STDLIB_H 1
| #define HAVE_STRING_H 1
| #define HAVE_MEMORY_H 1
| #define HAVE_STRINGS_H 1
| #define HAVE_INTTYPES_H 1
| #define HAVE_STDINT_H 1
| #define HAVE_UNISTD_H 1
| #define __EXTENSIONS__ 1
| #define _ALL_SOURCE 1
| #define _GNU_SOURCE 1
| #define _POSIX_PTHREAD_SEMANTICS 1
| #define _TANDEM_SOURCE 1
| #define HAVE_DLFCN_H 1
| #define LT_OBJDIR ".libs/"
| #define HAVE_VISIBILITY 1
| #define MAJOR_IN_SYSMACROS 1
| #define HAVE_SYS_WAIT_H 1
| #define HAVE_STDINT_H 1
| #define HAVE_FCNTL_H 1
| #define HAVE_INTTYPES_H 1
| #define HAVE_UNISTD_H 1
| #define HAVE_BYTESWAP_H 1
| #define HAVE_SPAWN_H 1
| #define HAVE_UTIME_H 1
| #define HAVE_WCHAR_H 1
| #define HAVE_WCTYPE_H 1
| #define HAVE_GETOPT_H 1
| #define HAVE_ERR_H 1
| #define HAVE_SYS_MMAN_H 1
| #define HAVE_SYS_STAT_H 1
| #define HAVE_SYS_TYPES_H 1
| #define HAVE_SYS_TIME_H 1
| #define HAVE_SYS_SYSMACROS_H 1
| #define HAVE_SYS_IOCTL_H 1
| #define HAVE_ZLIB_H 1
| #define HAVE_LZMA_H 1
| #define HAVE_SIG_T 1
| #define HAVE_STRUCT_STAT_ST_RDEV 1
| #define HAVE_STRUCT_TM_TM_GMTOFF 1
| #define HAVE_STRUCT_TM_TM_ZONE 1
| #define HAVE_TM_ZONE 1
| #define HAVE_TM_ZONE 1
| #define HAVE_DECL_TZNAME 1
| #define HAVE_TZNAME 1
| #define HAVE_TM_ISDST 1
| #define HAVE_DECL_DAYLIGHT 1
| #define HAVE_DAYLIGHT 1
| #define HAVE_FSEEKO 1
| #define HAVE_MBSTATE_T 1
| #define HAVE_STRUCT_OPTION 1
| #define HAVE_INTPTR_T 1
| #define HAVE_UINTPTR_T 1
| #define HAVE_STDLIB_H 1
| #define HAVE_UNISTD_H 1
| #define HAVE_SYS_PARAM_H 1
| #define HAVE_GETPAGESIZE 1
| #define HAVE_MMAP 1
| /* end confdefs.h.  */
| #include <stdio.h>
| #ifdef HAVE_SYS_TYPES_H
| # include <sys/types.h>
| #endif
| #ifdef HAVE_SYS_STAT_H
| # include <sys/stat.h>
| #endif
| #ifdef STDC_HEADERS
| # include <stdlib.h>
| # include <stddef.h>
| #else
| # ifdef HAVE_STDLIB_H
| #  include <stdlib.h>
| # endif
| #endif
| #ifdef HAVE_STRING_H
| # if !defined STDC_HEADERS && defined HAVE_MEMORY_H
| #  include <memory.h>
| # endif
| # include <string.h>
| #endif
| #ifdef HAVE_STRINGS_H
| # include <strings.h>
| #endif
| #ifdef HAVE_INTTYPES_H
| # include <inttypes.h>
| #endif
| #ifdef HAVE_STDINT_H
| # include <stdint.h>
| #endif
| #ifdef HAVE_UNISTD_H
| # include <unistd.h>
| #endif
| #include <vfork.h>
configure:14146: result: no
configure:14146: checking vfork.h presence
configure:14146: gcc -E  conftest.c
conftest.c:73:10: fatal error: vfork.h: No such file or directory
   73 | #include <vfork.h>
      |          ^~~~~~~~~
compilation terminated.
configure:14146: $? = 1
configure: failed program was:
| /* confdefs.h */
| #define PACKAGE_NAME "file"
| #define PACKAGE_TARNAME "file"
| #define PACKAGE_VERSION "5.46"
| #define PACKAGE_STRING "file 5.46"
| #define PACKAGE_BUGREPORT "christos@astron.com"
| #define PACKAGE_URL ""
| #define PACKAGE "file"
| #define VERSION "5.46"
| #define BUILTIN_ELF 1
| #define ELFCORE 1
| #define STDC_HEADERS 1
| #define HAVE_SYS_TYPES_H 1
| #define HAVE_SYS_STAT_H 1
| #define HAVE_STDLIB_H 1
| #define HAVE_STRING_H 1
| #define HAVE_MEMORY_H 1
| #define HAVE_STRINGS_H 1
| #define HAVE_INTTYPES_H 1
| #define HAVE_STDINT_H 1
| #define HAVE_UNISTD_H 1
| #define __EXTENSIONS__ 1
| #define _ALL_SOURCE 1
| #define _GNU_SOURCE 1
| #define _POSIX_PTHREAD_SEMANTICS 1
| #define _TANDEM_SOURCE 1
| #define HAVE_DLFCN_H 1
| #define LT_OBJDIR ".libs/"
| #define HAVE_VISIBILITY 1
| #define MAJOR_IN_SYSMACROS 1
| #define HAVE_SYS_WAIT_H 1
| #define HAVE_STDINT_H 1
| #define HAVE_FCNTL_H 1
| #define HAVE_INTTYPES_H 1
| #define HAVE_UNISTD_H 1
| #define HAVE_BYTESWAP_H 1
| #define HAVE_SPAWN_H 1
| #define HAVE_UTIME_H 1
| #define HAVE_WCHAR_H 1
| #define HAVE_WCTYPE_H 1
| #define HAVE_GETOPT_H 1
| #define HAVE_ERR_H 1
| #define HAVE_SYS_MMAN_H 1
| #define HAVE_SYS_STAT_H 1
| #define HAVE_SYS_TYPES_H 1
| #define HAVE_SYS_TIME_H 1
| #define HAVE_SYS_SYSMACROS_H 1
| #define HAVE_SYS_IOCTL_H 1
| #define HAVE_ZLIB_H 1
| #define HAVE_LZMA_H 1
| #define HAVE_SIG_T 1
| #define HAVE_STRUCT_STAT_ST_RDEV 1
| #define HAVE_STRUCT_TM_TM_GMTOFF 1
| #define HAVE_STRUCT_TM_TM_ZONE 1
| #define HAVE_TM_ZONE 1
| #define HAVE_TM_ZONE 1
| #define HAVE_DECL_TZNAME 1
| #define HAVE_TZNAME 1
| #define HAVE_TM_ISDST 1
| #define HAVE_DECL_DAYLIGHT 1
| #define HAVE_DAYLIGHT 1
| #define HAVE_FSEEKO 1
| #define HAVE_MBSTATE_T 1
| #define HAVE_STRUCT_OPTION 1
| #define HAVE_INTPTR_T 1
| #define HAVE_UINTPTR_T 1
| #define HAVE_STDLIB_H 1
| #define HAVE_UNISTD_H 1
| #define HAVE_SYS_PARAM_H 1
| #define HAVE_GETPAGESIZE 1
| #define HAVE_MMAP 1
| /* end confdefs.h.  */
| #include <vfork.h>
configure:14146: result: no
configure:14146: checking for vfork.h
configure:14146: result: no
configure:14159: checking for fork
configure:14159: gcc -o conftest -g -O2   conftest.c  >&5
conftest.c:96:6: warning: conflicting types for built-in function 'fork'; expected 'int(void)' [-Wbuiltin-declaration-mismatch]
   96 | char fork ();
      |      ^~~~
configure:14159: $? = 0
configure:14159: result: yes
configure:14159: checking for vfork
configure:14159: gcc -o conftest -g -O2   conftest.c  >&5
configure:14159: $? = 0
configure:14159: result: yes
configure:14169: checking for working fork
configure:14191: gcc -o conftest -g -O2   conftest.c  >&5
configure:14191: $? = 0
configure:14191: ./conftest
configure:14191: $? = 0
configure:14201: result: yes
configure:14222: checking for working vfork
configure:14332: result: yes
configure:14358: checking whether mbrtowc and mbstate_t are properly declared
configure:14378: gcc -o conftest -g -O2   conftest.c  >&5
configure:14378: $? = 0
configure:14386: result: yes
configure:14395: checking for gcc compiler warnings
configure:14414: result: yes
configure:14431: checking for strndup
configure:14431: gcc -o conftest -g -O2   conftest.c  >&5
conftest.c:101:6: warning: conflicting types for built-in function 'strndup'; expected 'char *(const char *, long unsigned int)' [-Wbuiltin-declaration-mismatch]
  101 | char strndup ();
      |      ^~~~~~~
configure:14431: $? = 0
configure:14431: result: yes
configure:14431: checking for mkstemp
configure:14431: gcc -o conftest -g -O2   conftest.c  >&5
configure:14431: $? = 0
configure:14431: result: yes
configure:14431: checking for mkostemp
configure:14431: gcc -o conftest -g -O2   conftest.c  >&5
configure:14431: $? = 0
configure:14431: result: yes
configure:14431: checking for utimes
configure:14431: gcc -o conftest -g -O2   conftest.c  >&5
configure:14431: $? = 0
configure:14431: result: yes
configure:14431: checking for utime
configure:14431: gcc -o conftest -g -O2   conftest.c  >&5
configure:14431: $? = 0
configure:14431: result: yes
configure:14431: checking for wcwidth
configure:14431: gcc -o conftest -g -O2   conftest.c  >&5
configure:14431: $? = 0
configure:14431: result: yes
configure:14431: checking for strtof
configure:14431: gcc -o conftest -g -O2   conftest.c  >&5
configure:14431: $? = 0
configure:14431: result: yes
configure:14431: checking for newlocale
configure:14431: gcc -o conftest -g -O2   conftest.c  >&5
configure:14431: $? = 0
configure:14431: result: yes
configure:14431: checking for uselocale
configure:14431: gcc -o conftest -g -O2   conftest.c  >&5
configure:14431: $? = 0
configure:14431: result: yes
configure:14431: checking for freelocale
configure:14431: gcc -o conftest -g -O2   conftest.c  >&5
configure:14431: $? = 0
configure:14431: result: yes
configure:14431: checking for memmem
configure:14431: gcc -o conftest -g -O2   conftest.c  >&5
configure:14431: $? = 0
configure:14431: result: yes
configure:14431: checking for pipe2
configure:14431: gcc -o conftest -g -O2   conftest.c  >&5
configure:14431: $? = 0
configure:14431: result: yes
configure:14431: checking for posix_spawnp
configure:14431: gcc -o conftest -g -O2   conftest.c  >&5
configure:14431: $? = 0
configure:14431: result: yes
configure:14441: checking for getopt_long
configure:14441: gcc -o conftest -g -O2   conftest.c  >&5
configure:14441: $? = 0
configure:14441: result: yes
configure:14454: checking for asprintf
configure:14454: gcc -o conftest -g -O2   conftest.c  >&5
configure:14454: $? = 0
configure:14454: result: yes
configure:14467: checking for vasprintf
configure:14467: gcc -o conftest -g -O2   conftest.c  >&5
configure:14467: $? = 0
configure:14467: result: yes
configure:14480: checking for strlcpy
configure:14480: gcc -o conftest -g -O2   conftest.c  >&5
/usr/bin/ld: /tmp/ccSI4fI8.o: in function `main':
/home/ekir/backup-2025-01-12/git/file/conftest.c:128: undefined reference to `strlcpy'
collect2: error: ld returned 1 exit status
configure:14480: $? = 1
configure: failed program was:
| /* confdefs.h */
| #define PACKAGE_NAME "file"
| #define PACKAGE_TARNAME "file"
| #define PACKAGE_VERSION "5.46"
| #define PACKAGE_STRING "file 5.46"
| #define PACKAGE_BUGREPORT "christos@astron.com"
| #define PACKAGE_URL ""
| #define PACKAGE "file"
| #define VERSION "5.46"
| #define BUILTIN_ELF 1
| #define ELFCORE 1
| #define STDC_HEADERS 1
| #define HAVE_SYS_TYPES_H 1
| #define HAVE_SYS_STAT_H 1
| #define HAVE_STDLIB_H 1
| #define HAVE_STRING_H 1
| #define HAVE_MEMORY_H 1
| #define HAVE_STRINGS_H 1
| #define HAVE_INTTYPES_H 1
| #define HAVE_STDINT_H 1
| #define HAVE_UNISTD_H 1
| #define __EXTENSIONS__ 1
| #define _ALL_SOURCE 1
| #define _GNU_SOURCE 1
| #define _POSIX_PTHREAD_SEMANTICS 1
| #define _TANDEM_SOURCE 1
| #define HAVE_DLFCN_H 1
| #define LT_OBJDIR ".libs/"
| #define HAVE_VISIBILITY 1
| #define MAJOR_IN_SYSMACROS 1
| #define HAVE_SYS_WAIT_H 1
| #define HAVE_STDINT_H 1
| #define HAVE_FCNTL_H 1
| #define HAVE_INTTYPES_H 1
| #define HAVE_UNISTD_H 1
| #define HAVE_BYTESWAP_H 1
| #define HAVE_SPAWN_H 1
| #define HAVE_UTIME_H 1
| #define HAVE_WCHAR_H 1
| #define HAVE_WCTYPE_H 1
| #define HAVE_GETOPT_H 1
| #define HAVE_ERR_H 1
| #define HAVE_SYS_MMAN_H 1
| #define HAVE_SYS_STAT_H 1
| #define HAVE_SYS_TYPES_H 1
| #define HAVE_SYS_TIME_H 1
| #define HAVE_SYS_SYSMACROS_H 1
| #define HAVE_SYS_IOCTL_H 1
| #define HAVE_ZLIB_H 1
| #define HAVE_LZMA_H 1
| #define HAVE_SIG_T 1
| #define HAVE_STRUCT_STAT_ST_RDEV 1
| #define HAVE_STRUCT_TM_TM_GMTOFF 1
| #define HAVE_STRUCT_TM_TM_ZONE 1
| #define HAVE_TM_ZONE 1
| #define HAVE_TM_ZONE 1
| #define HAVE_DECL_TZNAME 1
| #define HAVE_TZNAME 1
| #define HAVE_TM_ISDST 1
| #define HAVE_DECL_DAYLIGHT 1
| #define HAVE_DAYLIGHT 1
| #define HAVE_FSEEKO 1
| #define HAVE_MBSTATE_T 1
| #define HAVE_STRUCT_OPTION 1
| #define HAVE_INTPTR_T 1
| #define HAVE_UINTPTR_T 1
| #define HAVE_STDLIB_H 1
| #define HAVE_UNISTD_H 1
| #define HAVE_SYS_PARAM_H 1
| #define HAVE_GETPAGESIZE 1
| #define HAVE_MMAP 1
| #define HAVE_FORK 1
| #define HAVE_VFORK 1
| #define HAVE_WORKING_VFORK 1
| #define HAVE_WORKING_FORK 1
| #define HAVE_MBRTOWC 1
| #define HAVE_STRNDUP 1
| #define HAVE_MKSTEMP 1
| #define HAVE_MKOSTEMP 1
| #define HAVE_UTIMES 1
| #define HAVE_UTIME 1
| #define HAVE_WCWIDTH 1
| #define HAVE_STRTOF 1
| #define HAVE_NEWLOCALE 1
| #define HAVE_USELOCALE 1
| #define HAVE_FREELOCALE 1
| #define HAVE_MEMMEM 1
| #define HAVE_PIPE2 1
| #define HAVE_POSIX_SPAWNP 1
| #define HAVE_GETOPT_LONG 1
| #define HAVE_ASPRINTF 1
| #define HAVE_VASPRINTF 1
| /* end confdefs.h.  */
| /* Define strlcpy to an innocuous variant, in case <limits.h> declares strlcpy.
|    For example, HP-UX 11i <limits.h> declares gettimeofday.  */
| #define strlcpy innocuous_strlcpy
| 
| /* System header to define __stub macros and hopefully few prototypes,
|     which can conflict with char strlcpy (); below.
|     Prefer <limits.h> to <assert.h> if __STDC__ is defined, since
|     <limits.h> exists even on freestanding compilers.  */
| 
| #ifdef __STDC__
| # include <limits.h>
| #else
| # include <assert.h>
| #endif
| 
| #undef strlcpy
| 
| /* Override any GCC internal prototype to avoid an error.
|    Use char because int might match the return type of a GCC
|    builtin and then its argument prototype would still apply.  */
| #ifdef __cplusplus
| extern "C"
| #endif
| char strlcpy ();
| /* The GNU C library defines this for functions which it implements
|     to always fail with ENOSYS.  Some functions are actually named
|     something starting with __ and the normal name is an alias.  */
| #if defined __stub_strlcpy || defined __stub___strlcpy
| choke me
| #endif
| 
| int
| main ()
| {
| return strlcpy ();
|   ;
|   return 0;
| }
configure:14480: result: no
configure:14493: checking for strlcat
configure:14493: gcc -o conftest -g -O2   conftest.c  >&5
/usr/bin/ld: /tmp/ccfEMK9p.o: in function `main':
/home/ekir/backup-2025-01-12/git/file/conftest.c:128: undefined reference to `strlcat'
collect2: error: ld returned 1 exit status
configure:14493: $? = 1
configure: failed program was:
| /* confdefs.h */
| #define PACKAGE_NAME "file"
| #define PACKAGE_TARNAME "file"
| #define PACKAGE_VERSION "5.46"
| #define PACKAGE_STRING "file 5.46"
| #define PACKAGE_BUGREPORT "christos@astron.com"
| #define PACKAGE_URL ""
| #define PACKAGE "file"
| #define VERSION "5.46"
| #define BUILTIN_ELF 1
| #define ELFCORE 1
| #define STDC_HEADERS 1
| #define HAVE_SYS_TYPES_H 1
| #define HAVE_SYS_STAT_H 1
| #define HAVE_STDLIB_H 1
| #define HAVE_STRING_H 1
| #define HAVE_MEMORY_H 1
| #define HAVE_STRINGS_H 1
| #define HAVE_INTTYPES_H 1
| #define HAVE_STDINT_H 1
| #define HAVE_UNISTD_H 1
| #define __EXTENSIONS__ 1
| #define _ALL_SOURCE 1
| #define _GNU_SOURCE 1
| #define _POSIX_PTHREAD_SEMANTICS 1
| #define _TANDEM_SOURCE 1
| #define HAVE_DLFCN_H 1
| #define LT_OBJDIR ".libs/"
| #define HAVE_VISIBILITY 1
| #define MAJOR_IN_SYSMACROS 1
| #define HAVE_SYS_WAIT_H 1
| #define HAVE_STDINT_H 1
| #define HAVE_FCNTL_H 1
| #define HAVE_INTTYPES_H 1
| #define HAVE_UNISTD_H 1
| #define HAVE_BYTESWAP_H 1
| #define HAVE_SPAWN_H 1
| #define HAVE_UTIME_H 1
| #define HAVE_WCHAR_H 1
| #define HAVE_WCTYPE_H 1
| #define HAVE_GETOPT_H 1
| #define HAVE_ERR_H 1
| #define HAVE_SYS_MMAN_H 1
| #define HAVE_SYS_STAT_H 1
| #define HAVE_SYS_TYPES_H 1
| #define HAVE_SYS_TIME_H 1
| #define HAVE_SYS_SYSMACROS_H 1
| #define HAVE_SYS_IOCTL_H 1
| #define HAVE_ZLIB_H 1
| #define HAVE_LZMA_H 1
| #define HAVE_SIG_T 1
| #define HAVE_STRUCT_STAT_ST_RDEV 1
| #define HAVE_STRUCT_TM_TM_GMTOFF 1
| #define HAVE_STRUCT_TM_TM_ZONE 1
| #define HAVE_TM_ZONE 1
| #define HAVE_TM_ZONE 1
| #define HAVE_DECL_TZNAME 1
| #define HAVE_TZNAME 1
| #define HAVE_TM_ISDST 1
| #define HAVE_DECL_DAYLIGHT 1
| #define HAVE_DAYLIGHT 1
| #define HAVE_FSEEKO 1
| #define HAVE_MBSTATE_T 1
| #define HAVE_STRUCT_OPTION 1
| #define HAVE_INTPTR_T 1
| #define HAVE_UINTPTR_T 1
| #define HAVE_STDLIB_H 1
| #define HAVE_UNISTD_H 1
| #define HAVE_SYS_PARAM_H 1
| #define HAVE_GETPAGESIZE 1
| #define HAVE_MMAP 1
| #define HAVE_FORK 1
| #define HAVE_VFORK 1
| #define HAVE_WORKING_VFORK 1
| #define HAVE_WORKING_FORK 1
| #define HAVE_MBRTOWC 1
| #define HAVE_STRNDUP 1
| #define HAVE_MKSTEMP 1
| #define HAVE_MKOSTEMP 1
| #define HAVE_UTIMES 1
| #define HAVE_UTIME 1
| #define HAVE_WCWIDTH 1
| #define HAVE_STRTOF 1
| #define HAVE_NEWLOCALE 1
| #define HAVE_USELOCALE 1
| #define HAVE_FREELOCALE 1
| #define HAVE_MEMMEM 1
| #define HAVE_PIPE2 1
| #define HAVE_POSIX_SPAWNP 1
| #define HAVE_GETOPT_LONG 1
| #define HAVE_ASPRINTF 1
| #define HAVE_VASPRINTF 1
| /* end confdefs.h.  */
| /* Define strlcat to an innocuous variant, in case <limits.h> declares strlcat.
|    For example, HP-UX 11i <limits.h> declares gettimeofday.  */
| #define strlcat innocuous_strlcat
| 
| /* System header to define __stub macros and hopefully few prototypes,
|     which can conflict with char strlcat (); below.
|     Prefer <limits.h> to <assert.h> if __STDC__ is defined, since
|     <limits.h> exists even on freestanding compilers.  */
| 
| #ifdef __STDC__
| # include <limits.h>
| #else
| # include <assert.h>
| #endif
| 
| #undef strlcat
| 
| /* Override any GCC internal prototype to avoid an error.
|    Use char because int might match the return type of a GCC
|    builtin and then its argument prototype would still apply.  */
| #ifdef __cplusplus
| extern "C"
| #endif
| char strlcat ();
| /* The GNU C library defines this for functions which it implements
|     to always fail with ENOSYS.  Some functions are actually named
|     something starting with __ and the normal name is an alias.  */
| #if defined __stub_strlcat || defined __stub___strlcat
| choke me
| #endif
| 
| int
| main ()
| {
| return strlcat ();
|   ;
|   return 0;
| }
configure:14493: result: no
configure:14506: checking for getline
configure:14506: gcc -o conftest -g -O2   conftest.c  >&5
configure:14506: $? = 0
configure:14506: result: yes
configure:14519: checking for ctime_r
configure:14519: gcc -o conftest -g -O2   conftest.c  >&5
configure:14519: $? = 0
configure:14519: result: yes
configure:14532: checking for asctime_r
configure:14532: gcc -o conftest -g -O2   conftest.c  >&5
configure:14532: $? = 0
configure:14532: result: yes
configure:14545: checking for localtime_r
configure:14545: gcc -o conftest -g -O2   conftest.c  >&5
configure:14545: $? = 0
configure:14545: result: yes
configure:14558: checking for gmtime_r
configure:14558: gcc -o conftest -g -O2   conftest.c  >&5
configure:14558: $? = 0
configure:14558: result: yes
configure:14571: checking for pread
configure:14571: gcc -o conftest -g -O2   conftest.c  >&5
configure:14571: $? = 0
configure:14571: result: yes
configure:14584: checking for strcasestr
configure:14584: gcc -o conftest -g -O2   conftest.c  >&5
configure:14584: $? = 0
configure:14584: result: yes
configure:14597: checking for fmtcheck
configure:14597: gcc -o conftest -g -O2   conftest.c  >&5
/usr/bin/ld: /tmp/ccqaaQmI.o: in function `main':
/home/ekir/backup-2025-01-12/git/file/conftest.c:135: undefined reference to `fmtcheck'
collect2: error: ld returned 1 exit status
configure:14597: $? = 1
configure: failed program was:
| /* confdefs.h */
| #define PACKAGE_NAME "file"
| #define PACKAGE_TARNAME "file"
| #define PACKAGE_VERSION "5.46"
| #define PACKAGE_STRING "file 5.46"
| #define PACKAGE_BUGREPORT "christos@astron.com"
| #define PACKAGE_URL ""
| #define PACKAGE "file"
| #define VERSION "5.46"
| #define BUILTIN_ELF 1
| #define ELFCORE 1
| #define STDC_HEADERS 1
| #define HAVE_SYS_TYPES_H 1
| #define HAVE_SYS_STAT_H 1
| #define HAVE_STDLIB_H 1
| #define HAVE_STRING_H 1
| #define HAVE_MEMORY_H 1
| #define HAVE_STRINGS_H 1
| #define HAVE_INTTYPES_H 1
| #define HAVE_STDINT_H 1
| #define HAVE_UNISTD_H 1
| #define __EXTENSIONS__ 1
| #define _ALL_SOURCE 1
| #define _GNU_SOURCE 1
| #define _POSIX_PTHREAD_SEMANTICS 1
| #define _TANDEM_SOURCE 1
| #define HAVE_DLFCN_H 1
| #define LT_OBJDIR ".libs/"
| #define HAVE_VISIBILITY 1
| #define MAJOR_IN_SYSMACROS 1
| #define HAVE_SYS_WAIT_H 1
| #define HAVE_STDINT_H 1
| #define HAVE_FCNTL_H 1
| #define HAVE_INTTYPES_H 1
| #define HAVE_UNISTD_H 1
| #define HAVE_BYTESWAP_H 1
| #define HAVE_SPAWN_H 1
| #define HAVE_UTIME_H 1
| #define HAVE_WCHAR_H 1
| #define HAVE_WCTYPE_H 1
| #define HAVE_GETOPT_H 1
| #define HAVE_ERR_H 1
| #define HAVE_SYS_MMAN_H 1
| #define HAVE_SYS_STAT_H 1
| #define HAVE_SYS_TYPES_H 1
| #define HAVE_SYS_TIME_H 1
| #define HAVE_SYS_SYSMACROS_H 1
| #define HAVE_SYS_IOCTL_H 1
| #define HAVE_ZLIB_H 1
| #define HAVE_LZMA_H 1
| #define HAVE_SIG_T 1
| #define HAVE_STRUCT_STAT_ST_RDEV 1
| #define HAVE_STRUCT_TM_TM_GMTOFF 1
| #define HAVE_STRUCT_TM_TM_ZONE 1
| #define HAVE_TM_ZONE 1
| #define HAVE_TM_ZONE 1
| #define HAVE_DECL_TZNAME 1
| #define HAVE_TZNAME 1
| #define HAVE_TM_ISDST 1
| #define HAVE_DECL_DAYLIGHT 1
| #define HAVE_DAYLIGHT 1
| #define HAVE_FSEEKO 1
| #define HAVE_MBSTATE_T 1
| #define HAVE_STRUCT_OPTION 1
| #define HAVE_INTPTR_T 1
| #define HAVE_UINTPTR_T 1
| #define HAVE_STDLIB_H 1
| #define HAVE_UNISTD_H 1
| #define HAVE_SYS_PARAM_H 1
| #define HAVE_GETPAGESIZE 1
| #define HAVE_MMAP 1
| #define HAVE_FORK 1
| #define HAVE_VFORK 1
| #define HAVE_WORKING_VFORK 1
| #define HAVE_WORKING_FORK 1
| #define HAVE_MBRTOWC 1
| #define HAVE_STRNDUP 1
| #define HAVE_MKSTEMP 1
| #define HAVE_MKOSTEMP 1
| #define HAVE_UTIMES 1
| #define HAVE_UTIME 1
| #define HAVE_WCWIDTH 1
| #define HAVE_STRTOF 1
| #define HAVE_NEWLOCALE 1
| #define HAVE_USELOCALE 1
| #define HAVE_FREELOCALE 1
| #define HAVE_MEMMEM 1
| #define HAVE_PIPE2 1
| #define HAVE_POSIX_SPAWNP 1
| #define HAVE_GETOPT_LONG 1
| #define HAVE_ASPRINTF 1
| #define HAVE_VASPRINTF 1
| #define HAVE_GETLINE 1
| #define HAVE_CTIME_R 1
| #define HAVE_ASCTIME_R 1
| #define HAVE_LOCALTIME_R 1
| #define HAVE_GMTIME_R 1
| #define HAVE_PREAD 1
| #define HAVE_STRCASESTR 1
| /* end confdefs.h.  */
| /* Define fmtcheck to an innocuous variant, in case <limits.h> declares fmtcheck.
|    For example, HP-UX 11i <limits.h> declares gettimeofday.  */
| #define fmtcheck innocuous_fmtcheck
| 
| /* System header to define __stub macros and hopefully few prototypes,
|     which can conflict with char fmtcheck (); below.
|     Prefer <limits.h> to <assert.h> if __STDC__ is defined, since
|     <limits.h> exists even on freestanding compilers.  */
| 
| #ifdef __STDC__
| # include <limits.h>
| #else
| # include <assert.h>
| #endif
| 
| #undef fmtcheck
| 
| /* Override any GCC internal prototype to avoid an error.
|    Use char because int might match the return type of a GCC
|    builtin and then its argument prototype would still apply.  */
| #ifdef __cplusplus
| extern "C"
| #endif
| char fmtcheck ();
| /* The GNU C library defines this for functions which it implements
|     to always fail with ENOSYS.  Some functions are actually named
|     something starting with __ and the normal name is an alias.  */
| #if defined __stub_fmtcheck || defined __stub___fmtcheck
| choke me
| #endif
| 
| int
| main ()
| {
| return fmtcheck ();
|   ;
|   return 0;
| }
configure:14597: result: no
configure:14610: checking for dprintf
configure:14610: gcc -o conftest -g -O2   conftest.c  >&5
configure:14610: $? = 0
configure:14610: result: yes
configure:14626: checking for gzopen in -lz
configure:14651: gcc -o conftest -g -O2   conftest.c -lz   >&5
configure:14651: $? = 0
configure:14660: result: yes
configure:14673: checking for BZ2_bzCompressInit in -lbz2
configure:14698: gcc -o conftest -g -O2   conftest.c -lbz2  -lz  >&5
/usr/bin/ld: cannot find -lbz2: No such file or directory
collect2: error: ld returned 1 exit status
configure:14698: $? = 1
configure: failed program was:
| /* confdefs.h */
| #define PACKAGE_NAME "file"
| #define PACKAGE_TARNAME "file"
| #define PACKAGE_VERSION "5.46"
| #define PACKAGE_STRING "file 5.46"
| #define PACKAGE_BUGREPORT "christos@astron.com"
| #define PACKAGE_URL ""
| #define PACKAGE "file"
| #define VERSION "5.46"
| #define BUILTIN_ELF 1
| #define ELFCORE 1
| #define STDC_HEADERS 1
| #define HAVE_SYS_TYPES_H 1
| #define HAVE_SYS_STAT_H 1
| #define HAVE_STDLIB_H 1
| #define HAVE_STRING_H 1
| #define HAVE_MEMORY_H 1
| #define HAVE_STRINGS_H 1
| #define HAVE_INTTYPES_H 1
| #define HAVE_STDINT_H 1
| #define HAVE_UNISTD_H 1
| #define __EXTENSIONS__ 1
| #define _ALL_SOURCE 1
| #define _GNU_SOURCE 1
| #define _POSIX_PTHREAD_SEMANTICS 1
| #define _TANDEM_SOURCE 1
| #define HAVE_DLFCN_H 1
| #define LT_OBJDIR ".libs/"
| #define HAVE_VISIBILITY 1
| #define MAJOR_IN_SYSMACROS 1
| #define HAVE_SYS_WAIT_H 1
| #define HAVE_STDINT_H 1
| #define HAVE_FCNTL_H 1
| #define HAVE_INTTYPES_H 1
| #define HAVE_UNISTD_H 1
| #define HAVE_BYTESWAP_H 1
| #define HAVE_SPAWN_H 1
| #define HAVE_UTIME_H 1
| #define HAVE_WCHAR_H 1
| #define HAVE_WCTYPE_H 1
| #define HAVE_GETOPT_H 1
| #define HAVE_ERR_H 1
| #define HAVE_SYS_MMAN_H 1
| #define HAVE_SYS_STAT_H 1
| #define HAVE_SYS_TYPES_H 1
| #define HAVE_SYS_TIME_H 1
| #define HAVE_SYS_SYSMACROS_H 1
| #define HAVE_SYS_IOCTL_H 1
| #define HAVE_ZLIB_H 1
| #define HAVE_LZMA_H 1
| #define HAVE_SIG_T 1
| #define HAVE_STRUCT_STAT_ST_RDEV 1
| #define HAVE_STRUCT_TM_TM_GMTOFF 1
| #define HAVE_STRUCT_TM_TM_ZONE 1
| #define HAVE_TM_ZONE 1
| #define HAVE_TM_ZONE 1
| #define HAVE_DECL_TZNAME 1
| #define HAVE_TZNAME 1
| #define HAVE_TM_ISDST 1
| #define HAVE_DECL_DAYLIGHT 1
| #define HAVE_DAYLIGHT 1
| #define HAVE_FSEEKO 1
| #define HAVE_MBSTATE_T 1
| #define HAVE_STRUCT_OPTION 1
| #define HAVE_INTPTR_T 1
| #define HAVE_UINTPTR_T 1
| #define HAVE_STDLIB_H 1
| #define HAVE_UNISTD_H 1
| #define HAVE_SYS_PARAM_H 1
| #define HAVE_GETPAGESIZE 1
| #define HAVE_MMAP 1
| #define HAVE_FORK 1
| #define HAVE_VFORK 1
| #define HAVE_WORKING_VFORK 1
| #define HAVE_WORKING_FORK 1
| #define HAVE_MBRTOWC 1
| #define HAVE_STRNDUP 1
| #define HAVE_MKSTEMP 1
| #define HAVE_MKOSTEMP 1
| #define HAVE_UTIMES 1
| #define HAVE_UTIME 1
| #define HAVE_WCWIDTH 1
| #define HAVE_STRTOF 1
| #define HAVE_NEWLOCALE 1
| #define HAVE_USELOCALE 1
| #define HAVE_FREELOCALE 1
| #define HAVE_MEMMEM 1
| #define HAVE_PIPE2 1
| #define HAVE_POSIX_SPAWNP 1
| #define HAVE_GETOPT_LONG 1
| #define HAVE_ASPRINTF 1
| #define HAVE_VASPRINTF 1
| #define HAVE_GETLINE 1
| #define HAVE_CTIME_R 1
| #define HAVE_ASCTIME_R 1
| #define HAVE_LOCALTIME_R 1
| #define HAVE_GMTIME_R 1
| #define HAVE_PREAD 1
| #define HAVE_STRCASESTR 1
| #define HAVE_DPRINTF 1
| #define HAVE_LIBZ 1
| /* end confdefs.h.  */
| 
| /* Override any GCC internal prototype to avoid an error.
|    Use char because int might match the return type of a GCC
|    builtin and then its argument prototype would still apply.  */
| #ifdef __cplusplus
| extern "C"
| #endif
| char BZ2_bzCompressInit ();
| int
| main ()
| {
| return BZ2_bzCompressInit ();
|   ;
|   return 0;
| }
configure:14707: result: no
configure:14720: checking for lzma_stream_decoder in -llzma
configure:14745: gcc -o conftest -g -O2   conftest.c -llzma  -lz  >&5
configure:14745: $? = 0
configure:14754: result: yes
configure:14767: checking for ZSTD_createDStream in -lzstd
configure:14792: gcc -o conftest -g -O2   conftest.c -lzstd  -llzma -lz  >&5
/usr/bin/ld: cannot find -lzstd: No such file or directory
collect2: error: ld returned 1 exit status
configure:14792: $? = 1
configure: failed program was:
| /* confdefs.h */
| #define PACKAGE_NAME "file"
| #define PACKAGE_TARNAME "file"
| #define PACKAGE_VERSION "5.46"
| #define PACKAGE_STRING "file 5.46"
| #define PACKAGE_BUGREPORT "christos@astron.com"
| #define PACKAGE_URL ""
| #define PACKAGE "file"
| #define VERSION "5.46"
| #define BUILTIN_ELF 1
| #define ELFCORE 1
| #define STDC_HEADERS 1
| #define HAVE_SYS_TYPES_H 1
| #define HAVE_SYS_STAT_H 1
| #define HAVE_STDLIB_H 1
| #define HAVE_STRING_H 1
| #define HAVE_MEMORY_H 1
| #define HAVE_STRINGS_H 1
| #define HAVE_INTTYPES_H 1
| #define HAVE_STDINT_H 1
| #define HAVE_UNISTD_H 1
| #define __EXTENSIONS__ 1
| #define _ALL_SOURCE 1
| #define _GNU_SOURCE 1
| #define _POSIX_PTHREAD_SEMANTICS 1
| #define _TANDEM_SOURCE 1
| #define HAVE_DLFCN_H 1
| #define LT_OBJDIR ".libs/"
| #define HAVE_VISIBILITY 1
| #define MAJOR_IN_SYSMACROS 1
| #define HAVE_SYS_WAIT_H 1
| #define HAVE_STDINT_H 1
| #define HAVE_FCNTL_H 1
| #define HAVE_INTTYPES_H 1
| #define HAVE_UNISTD_H 1
| #define HAVE_BYTESWAP_H 1
| #define HAVE_SPAWN_H 1
| #define HAVE_UTIME_H 1
| #define HAVE_WCHAR_H 1
| #define HAVE_WCTYPE_H 1
| #define HAVE_GETOPT_H 1
| #define HAVE_ERR_H 1
| #define HAVE_SYS_MMAN_H 1
| #define HAVE_SYS_STAT_H 1
| #define HAVE_SYS_TYPES_H 1
| #define HAVE_SYS_TIME_H 1
| #define HAVE_SYS_SYSMACROS_H 1
| #define HAVE_SYS_IOCTL_H 1
| #define HAVE_ZLIB_H 1
| #define HAVE_LZMA_H 1
| #define HAVE_SIG_T 1
| #define HAVE_STRUCT_STAT_ST_RDEV 1
| #define HAVE_STRUCT_TM_TM_GMTOFF 1
| #define HAVE_STRUCT_TM_TM_ZONE 1
| #define HAVE_TM_ZONE 1
| #define HAVE_TM_ZONE 1
| #define HAVE_DECL_TZNAME 1
| #define HAVE_TZNAME 1
| #define HAVE_TM_ISDST 1
| #define HAVE_DECL_DAYLIGHT 1
| #define HAVE_DAYLIGHT 1
| #define HAVE_FSEEKO 1
| #define HAVE_MBSTATE_T 1
| #define HAVE_STRUCT_OPTION 1
| #define HAVE_INTPTR_T 1
| #define HAVE_UINTPTR_T 1
| #define HAVE_STDLIB_H 1
| #define HAVE_UNISTD_H 1
| #define HAVE_SYS_PARAM_H 1
| #define HAVE_GETPAGESIZE 1
| #define HAVE_MMAP 1
| #define HAVE_FORK 1
| #define HAVE_VFORK 1
| #define HAVE_WORKING_VFORK 1
| #define HAVE_WORKING_FORK 1
| #define HAVE_MBRTOWC 1
| #define HAVE_STRNDUP 1
| #define HAVE_MKSTEMP 1
| #define HAVE_MKOSTEMP 1
| #define HAVE_UTIMES 1
| #define HAVE_UTIME 1
| #define HAVE_WCWIDTH 1
| #define HAVE_STRTOF 1
| #define HAVE_NEWLOCALE 1
| #define HAVE_USELOCALE 1
| #define HAVE_FREELOCALE 1
| #define HAVE_MEMMEM 1
| #define HAVE_PIPE2 1
| #define HAVE_POSIX_SPAWNP 1
| #define HAVE_GETOPT_LONG 1
| #define HAVE_ASPRINTF 1
| #define HAVE_VASPRINTF 1
| #define HAVE_GETLINE 1
| #define HAVE_CTIME_R 1
| #define HAVE_ASCTIME_R 1
| #define HAVE_LOCALTIME_R 1
| #define HAVE_GMTIME_R 1
| #define HAVE_PREAD 1
| #define HAVE_STRCASESTR 1
| #define HAVE_DPRINTF 1
| #define HAVE_LIBZ 1
| #define HAVE_LIBLZMA 1
| /* end confdefs.h.  */
| 
| /* Override any GCC internal prototype to avoid an error.
|    Use char because int might match the return type of a GCC
|    builtin and then its argument prototype would still apply.  */
| #ifdef __cplusplus
| extern "C"
| #endif
| char ZSTD_createDStream ();
| int
| main ()
| {
| return ZSTD_createDStream ();
|   ;
|   return 0;
| }
configure:14801: result: no
configure:14814: checking for LZ_decompress_open in -llz
configure:14839: gcc -o conftest -g -O2   conftest.c -llz  -llzma -lz  >&5
/usr/bin/ld: cannot find -llz: No such file or directory
collect2: error: ld returned 1 exit status
configure:14839: $? = 1
configure: failed program was:
| /* confdefs.h */
| #define PACKAGE_NAME "file"
| #define PACKAGE_TARNAME "file"
| #define PACKAGE_VERSION "5.46"
| #define PACKAGE_STRING "file 5.46"
| #define PACKAGE_BUGREPORT "christos@astron.com"
| #define PACKAGE_URL ""
| #define PACKAGE "file"
| #define VERSION "5.46"
| #define BUILTIN_ELF 1
| #define ELFCORE 1
| #define STDC_HEADERS 1
| #define HAVE_SYS_TYPES_H 1
| #define HAVE_SYS_STAT_H 1
| #define HAVE_STDLIB_H 1
| #define HAVE_STRING_H 1
| #define HAVE_MEMORY_H 1
| #define HAVE_STRINGS_H 1
| #define HAVE_INTTYPES_H 1
| #define HAVE_STDINT_H 1
| #define HAVE_UNISTD_H 1
| #define __EXTENSIONS__ 1
| #define _ALL_SOURCE 1
| #define _GNU_SOURCE 1
| #define _POSIX_PTHREAD_SEMANTICS 1
| #define _TANDEM_SOURCE 1
| #define HAVE_DLFCN_H 1
| #define LT_OBJDIR ".libs/"
| #define HAVE_VISIBILITY 1
| #define MAJOR_IN_SYSMACROS 1
| #define HAVE_SYS_WAIT_H 1
| #define HAVE_STDINT_H 1
| #define HAVE_FCNTL_H 1
| #define HAVE_INTTYPES_H 1
| #define HAVE_UNISTD_H 1
| #define HAVE_BYTESWAP_H 1
| #define HAVE_SPAWN_H 1
| #define HAVE_UTIME_H 1
| #define HAVE_WCHAR_H 1
| #define HAVE_WCTYPE_H 1
| #define HAVE_GETOPT_H 1
| #define HAVE_ERR_H 1
| #define HAVE_SYS_MMAN_H 1
| #define HAVE_SYS_STAT_H 1
| #define HAVE_SYS_TYPES_H 1
| #define HAVE_SYS_TIME_H 1
| #define HAVE_SYS_SYSMACROS_H 1
| #define HAVE_SYS_IOCTL_H 1
| #define HAVE_ZLIB_H 1
| #define HAVE_LZMA_H 1
| #define HAVE_SIG_T 1
| #define HAVE_STRUCT_STAT_ST_RDEV 1
| #define HAVE_STRUCT_TM_TM_GMTOFF 1
| #define HAVE_STRUCT_TM_TM_ZONE 1
| #define HAVE_TM_ZONE 1
| #define HAVE_TM_ZONE 1
| #define HAVE_DECL_TZNAME 1
| #define HAVE_TZNAME 1
| #define HAVE_TM_ISDST 1
| #define HAVE_DECL_DAYLIGHT 1
| #define HAVE_DAYLIGHT 1
| #define HAVE_FSEEKO 1
| #define HAVE_MBSTATE_T 1
| #define HAVE_STRUCT_OPTION 1
| #define HAVE_INTPTR_T 1
| #define HAVE_UINTPTR_T 1
| #define HAVE_STDLIB_H 1
| #define HAVE_UNISTD_H 1
| #define HAVE_SYS_PARAM_H 1
| #define HAVE_GETPAGESIZE 1
| #define HAVE_MMAP 1
| #define HAVE_FORK 1
| #define HAVE_VFORK 1
| #define HAVE_WORKING_VFORK 1
| #define HAVE_WORKING_FORK 1
| #define HAVE_MBRTOWC 1
| #define HAVE_STRNDUP 1
| #define HAVE_MKSTEMP 1
| #define HAVE_MKOSTEMP 1
| #define HAVE_UTIMES 1
| #define HAVE_UTIME 1
| #define HAVE_WCWIDTH 1
| #define HAVE_STRTOF 1
| #define HAVE_NEWLOCALE 1
| #define HAVE_USELOCALE 1
| #define HAVE_FREELOCALE 1
| #define HAVE_MEMMEM 1
| #define HAVE_PIPE2 1
| #define HAVE_POSIX_SPAWNP 1
| #define HAVE_GETOPT_LONG 1
| #define HAVE_ASPRINTF 1
| #define HAVE_VASPRINTF 1
| #define HAVE_GETLINE 1
| #define HAVE_CTIME_R 1
| #define HAVE_ASCTIME_R 1
| #define HAVE_LOCALTIME_R 1
| #define HAVE_GMTIME_R 1
| #define HAVE_PREAD 1
| #define HAVE_STRCASESTR 1
| #define HAVE_DPRINTF 1
| #define HAVE_LIBZ 1
| #define HAVE_LIBLZMA 1
| /* end confdefs.h.  */
| 
| /* Override any GCC internal prototype to avoid an error.
|    Use char because int might match the return type of a GCC
|    builtin and then its argument prototype would still apply.  */
| #ifdef __cplusplus
| extern "C"
| #endif
| char LZ_decompress_open ();
| int
| main ()
| {
| return LZ_decompress_open ();
|   ;
|   return 0;
| }
configure:14848: result: no
configure:14861: checking for lrzip_new in -llrzip
configure:14886: gcc -o conftest -g -O2   conftest.c -llrzip  -llzma -lz  >&5
/usr/bin/ld: cannot find -llrzip: No such file or directory
collect2: error: ld returned 1 exit status
configure:14886: $? = 1
configure: failed program was:
| /* confdefs.h */
| #define PACKAGE_NAME "file"
| #define PACKAGE_TARNAME "file"
| #define PACKAGE_VERSION "5.46"
| #define PACKAGE_STRING "file 5.46"
| #define PACKAGE_BUGREPORT "christos@astron.com"
| #define PACKAGE_URL ""
| #define PACKAGE "file"
| #define VERSION "5.46"
| #define BUILTIN_ELF 1
| #define ELFCORE 1
| #define STDC_HEADERS 1
| #define HAVE_SYS_TYPES_H 1
| #define HAVE_SYS_STAT_H 1
| #define HAVE_STDLIB_H 1
| #define HAVE_STRING_H 1
| #define HAVE_MEMORY_H 1
| #define HAVE_STRINGS_H 1
| #define HAVE_INTTYPES_H 1
| #define HAVE_STDINT_H 1
| #define HAVE_UNISTD_H 1
| #define __EXTENSIONS__ 1
| #define _ALL_SOURCE 1
| #define _GNU_SOURCE 1
| #define _POSIX_PTHREAD_SEMANTICS 1
| #define _TANDEM_SOURCE 1
| #define HAVE_DLFCN_H 1
| #define LT_OBJDIR ".libs/"
| #define HAVE_VISIBILITY 1
| #define MAJOR_IN_SYSMACROS 1
| #define HAVE_SYS_WAIT_H 1
| #define HAVE_STDINT_H 1
| #define HAVE_FCNTL_H 1
| #define HAVE_INTTYPES_H 1
| #define HAVE_UNISTD_H 1
| #define HAVE_BYTESWAP_H 1
| #define HAVE_SPAWN_H 1
| #define HAVE_UTIME_H 1
| #define HAVE_WCHAR_H 1
| #define HAVE_WCTYPE_H 1
| #define HAVE_GETOPT_H 1
| #define HAVE_ERR_H 1
| #define HAVE_SYS_MMAN_H 1
| #define HAVE_SYS_STAT_H 1
| #define HAVE_SYS_TYPES_H 1
| #define HAVE_SYS_TIME_H 1
| #define HAVE_SYS_SYSMACROS_H 1
| #define HAVE_SYS_IOCTL_H 1
| #define HAVE_ZLIB_H 1
| #define HAVE_LZMA_H 1
| #define HAVE_SIG_T 1
| #define HAVE_STRUCT_STAT_ST_RDEV 1
| #define HAVE_STRUCT_TM_TM_GMTOFF 1
| #define HAVE_STRUCT_TM_TM_ZONE 1
| #define HAVE_TM_ZONE 1
| #define HAVE_TM_ZONE 1
| #define HAVE_DECL_TZNAME 1
| #define HAVE_TZNAME 1
| #define HAVE_TM_ISDST 1
| #define HAVE_DECL_DAYLIGHT 1
| #define HAVE_DAYLIGHT 1
| #define HAVE_FSEEKO 1
| #define HAVE_MBSTATE_T 1
| #define HAVE_STRUCT_OPTION 1
| #define HAVE_INTPTR_T 1
| #define HAVE_UINTPTR_T 1
| #define HAVE_STDLIB_H 1
| #define HAVE_UNISTD_H 1
| #define HAVE_SYS_PARAM_H 1
| #define HAVE_GETPAGESIZE 1
| #define HAVE_MMAP 1
| #define HAVE_FORK 1
| #define HAVE_VFORK 1
| #define HAVE_WORKING_VFORK 1
| #define HAVE_WORKING_FORK 1
| #define HAVE_MBRTOWC 1
| #define HAVE_STRNDUP 1
| #define HAVE_MKSTEMP 1
| #define HAVE_MKOSTEMP 1
| #define HAVE_UTIMES 1
| #define HAVE_UTIME 1
| #define HAVE_WCWIDTH 1
| #define HAVE_STRTOF 1
| #define HAVE_NEWLOCALE 1
| #define HAVE_USELOCALE 1
| #define HAVE_FREELOCALE 1
| #define HAVE_MEMMEM 1
| #define HAVE_PIPE2 1
| #define HAVE_POSIX_SPAWNP 1
| #define HAVE_GETOPT_LONG 1
| #define HAVE_ASPRINTF 1
| #define HAVE_VASPRINTF 1
| #define HAVE_GETLINE 1
| #define HAVE_CTIME_R 1
| #define HAVE_ASCTIME_R 1
| #define HAVE_LOCALTIME_R 1
| #define HAVE_GMTIME_R 1
| #define HAVE_PREAD 1
| #define HAVE_STRCASESTR 1
| #define HAVE_DPRINTF 1
| #define HAVE_LIBZ 1
| #define HAVE_LIBLZMA 1
| /* end confdefs.h.  */
| 
| /* Override any GCC internal prototype to avoid an error.
|    Use char because int might match the return type of a GCC
|    builtin and then its argument prototype would still apply.  */
| #ifdef __cplusplus
| extern "C"
| #endif
| char lrzip_new ();
| int
| main ()
| {
| return lrzip_new ();
|   ;
|   return 0;
| }
configure:14895: result: no
configure:14909: checking for seccomp_init in -lseccomp
configure:14934: gcc -o conftest -g -O2   conftest.c -lseccomp  -llzma -lz  >&5
/usr/bin/ld: cannot find -lseccomp: No such file or directory
collect2: error: ld returned 1 exit status
configure:14934: $? = 1
configure: failed program was:
| /* confdefs.h */
| #define PACKAGE_NAME "file"
| #define PACKAGE_TARNAME "file"
| #define PACKAGE_VERSION "5.46"
| #define PACKAGE_STRING "file 5.46"
| #define PACKAGE_BUGREPORT "christos@astron.com"
| #define PACKAGE_URL ""
| #define PACKAGE "file"
| #define VERSION "5.46"
| #define BUILTIN_ELF 1
| #define ELFCORE 1
| #define STDC_HEADERS 1
| #define HAVE_SYS_TYPES_H 1
| #define HAVE_SYS_STAT_H 1
| #define HAVE_STDLIB_H 1
| #define HAVE_STRING_H 1
| #define HAVE_MEMORY_H 1
| #define HAVE_STRINGS_H 1
| #define HAVE_INTTYPES_H 1
| #define HAVE_STDINT_H 1
| #define HAVE_UNISTD_H 1
| #define __EXTENSIONS__ 1
| #define _ALL_SOURCE 1
| #define _GNU_SOURCE 1
| #define _POSIX_PTHREAD_SEMANTICS 1
| #define _TANDEM_SOURCE 1
| #define HAVE_DLFCN_H 1
| #define LT_OBJDIR ".libs/"
| #define HAVE_VISIBILITY 1
| #define MAJOR_IN_SYSMACROS 1
| #define HAVE_SYS_WAIT_H 1
| #define HAVE_STDINT_H 1
| #define HAVE_FCNTL_H 1
| #define HAVE_INTTYPES_H 1
| #define HAVE_UNISTD_H 1
| #define HAVE_BYTESWAP_H 1
| #define HAVE_SPAWN_H 1
| #define HAVE_UTIME_H 1
| #define HAVE_WCHAR_H 1
| #define HAVE_WCTYPE_H 1
| #define HAVE_GETOPT_H 1
| #define HAVE_ERR_H 1
| #define HAVE_SYS_MMAN_H 1
| #define HAVE_SYS_STAT_H 1
| #define HAVE_SYS_TYPES_H 1
| #define HAVE_SYS_TIME_H 1
| #define HAVE_SYS_SYSMACROS_H 1
| #define HAVE_SYS_IOCTL_H 1
| #define HAVE_ZLIB_H 1
| #define HAVE_LZMA_H 1
| #define HAVE_SIG_T 1
| #define HAVE_STRUCT_STAT_ST_RDEV 1
| #define HAVE_STRUCT_TM_TM_GMTOFF 1
| #define HAVE_STRUCT_TM_TM_ZONE 1
| #define HAVE_TM_ZONE 1
| #define HAVE_TM_ZONE 1
| #define HAVE_DECL_TZNAME 1
| #define HAVE_TZNAME 1
| #define HAVE_TM_ISDST 1
| #define HAVE_DECL_DAYLIGHT 1
| #define HAVE_DAYLIGHT 1
| #define HAVE_FSEEKO 1
| #define HAVE_MBSTATE_T 1
| #define HAVE_STRUCT_OPTION 1
| #define HAVE_INTPTR_T 1
| #define HAVE_UINTPTR_T 1
| #define HAVE_STDLIB_H 1
| #define HAVE_UNISTD_H 1
| #define HAVE_SYS_PARAM_H 1
| #define HAVE_GETPAGESIZE 1
| #define HAVE_MMAP 1
| #define HAVE_FORK 1
| #define HAVE_VFORK 1
| #define HAVE_WORKING_VFORK 1
| #define HAVE_WORKING_FORK 1
| #define HAVE_MBRTOWC 1
| #define HAVE_STRNDUP 1
| #define HAVE_MKSTEMP 1
| #define HAVE_MKOSTEMP 1
| #define HAVE_UTIMES 1
| #define HAVE_UTIME 1
| #define HAVE_WCWIDTH 1
| #define HAVE_STRTOF 1
| #define HAVE_NEWLOCALE 1
| #define HAVE_USELOCALE 1
| #define HAVE_FREELOCALE 1
| #define HAVE_MEMMEM 1
| #define HAVE_PIPE2 1
| #define HAVE_POSIX_SPAWNP 1
| #define HAVE_GETOPT_LONG 1
| #define HAVE_ASPRINTF 1
| #define HAVE_VASPRINTF 1
| #define HAVE_GETLINE 1
| #define HAVE_CTIME_R 1
| #define HAVE_ASCTIME_R 1
| #define HAVE_LOCALTIME_R 1
| #define HAVE_GMTIME_R 1
| #define HAVE_PREAD 1
| #define HAVE_STRCASESTR 1
| #define HAVE_DPRINTF 1
| #define HAVE_LIBZ 1
| #define HAVE_LIBLZMA 1
| /* end confdefs.h.  */
| 
| /* Override any GCC internal prototype to avoid an error.
|    Use char because int might match the return type of a GCC
|    builtin and then its argument prototype would still apply.  */
| #ifdef __cplusplus
| extern "C"
| #endif
| char seccomp_init ();
| int
| main ()
| {
| return seccomp_init ();
|   ;
|   return 0;
| }
configure:14943: result: no
configure:15179: checking that generated files are newer than configure
configure:15185: result: done
configure:15221: creating ./config.status

## ---------------------- ##
## Running config.status. ##
## ---------------------- ##

This file was extended by file config.status 5.46, which was
generated by GNU Autoconf 2.69.  Invocation command line was

  CONFIG_FILES    = 
  CONFIG_HEADERS  = 
  CONFIG_LINKS    = 
  CONFIG_COMMANDS = 
  $ ./config.status 

on devbox

config.status:1188: creating Makefile
config.status:1188: creating src/Makefile
config.status:1188: creating magic/Makefile
config.status:1188: creating tests/Makefile
config.status:1188: creating doc/Makefile
config.status:1188: creating python/Makefile
config.status:1188: creating libmagic.pc
config.status:1188: creating config.h
config.status:1369: config.h is unchanged
config.status:1417: executing depfiles commands
config.status:1494: cd src       && sed -e '/# am--include-marker/d' Makefile         | make -f - am--depfiles
make: Nothing to be done for 'am--depfiles'.
config.status:1499: $? = 0
config.status:1494: cd tests       && sed -e '/# am--include-marker/d' Makefile         | make -f - am--depfiles
make: Nothing to be done for 'am--depfiles'.
config.status:1499: $? = 0
config.status:1417: executing libtool commands

## ---------------- ##
## Cache variables. ##
## ---------------- ##

ac_cv_build=x86_64-pc-linux-gnu
ac_cv_c_bigendian=no
ac_cv_c_compiler_gnu=yes
ac_cv_c_int32_t=yes
ac_cv_c_int64_t=yes
ac_cv_c_uint16_t=yes
ac_cv_c_uint32_t=yes
ac_cv_c_uint64_t=yes
ac_cv_c_uint8_t=yes
ac_cv_env_CC_set=
ac_cv_env_CC_value=
ac_cv_env_CFLAGS_set=
ac_cv_env_CFLAGS_value=
ac_cv_env_CPPFLAGS_set=
ac_cv_env_CPPFLAGS_value=
ac_cv_env_CPP_set=
ac_cv_env_CPP_value=
ac_cv_env_LDFLAGS_set=
ac_cv_env_LDFLAGS_value=
ac_cv_env_LIBS_set=
ac_cv_env_LIBS_value=
ac_cv_env_LT_SYS_LIBRARY_PATH_set=
ac_cv_env_LT_SYS_LIBRARY_PATH_value=
ac_cv_env_build_alias_set=
ac_cv_env_build_alias_value=
ac_cv_env_host_alias_set=
ac_cv_env_host_alias_value=
ac_cv_env_target_alias_set=
ac_cv_env_target_alias_value=
ac_cv_func_asctime_r=yes
ac_cv_func_asprintf=yes
ac_cv_func_ctime_r=yes
ac_cv_func_dprintf=yes
ac_cv_func_fmtcheck=no
ac_cv_func_fork=yes
ac_cv_func_fork_works=yes
ac_cv_func_freelocale=yes
ac_cv_func_getline=yes
ac_cv_func_getopt_long=yes
ac_cv_func_getpagesize=yes
ac_cv_func_gmtime_r=yes
ac_cv_func_localtime_r=yes
ac_cv_func_mbrtowc=yes
ac_cv_func_memmem=yes
ac_cv_func_mkostemp=yes
ac_cv_func_mkstemp=yes
ac_cv_func_mmap_fixed_mapped=yes
ac_cv_func_newlocale=yes
ac_cv_func_pipe2=yes
ac_cv_func_posix_spawnp=yes
ac_cv_func_pread=yes
ac_cv_func_strcasestr=yes
ac_cv_func_strlcat=no
ac_cv_func_strlcpy=no
ac_cv_func_strndup=yes
ac_cv_func_strtof=yes
ac_cv_func_uselocale=yes
ac_cv_func_utime=yes
ac_cv_func_utimes=yes
ac_cv_func_vasprintf=yes
ac_cv_func_vfork=yes
ac_cv_func_vfork_works=yes
ac_cv_func_wcwidth=yes
ac_cv_have_decl_daylight=yes
ac_cv_have_decl_tzname=yes
ac_cv_header_Lrzip_h=no
ac_cv_header_byteswap_h=yes
ac_cv_header_bzlib_h=no
ac_cv_header_dlfcn_h=yes
ac_cv_header_err_h=yes
ac_cv_header_fcntl_h=yes
ac_cv_header_getopt_h=yes
ac_cv_header_inttypes_h=yes
ac_cv_header_lzlib_h=no
ac_cv_header_lzma_h=yes
ac_cv_header_memory_h=yes
ac_cv_header_minix_config_h=no
ac_cv_header_spawn_h=yes
ac_cv_header_stdc=yes
ac_cv_header_stdint_h=yes
ac_cv_header_stdlib_h=yes
ac_cv_header_string_h=yes
ac_cv_header_strings_h=yes
ac_cv_header_sys_bswap_h=no
ac_cv_header_sys_ioctl_h=yes
ac_cv_header_sys_mkdev_h=no
ac_cv_header_sys_mman_h=yes
ac_cv_header_sys_param_h=yes
ac_cv_header_sys_stat_h=yes
ac_cv_header_sys_sysmacros_h=yes
ac_cv_header_sys_time_h=yes
ac_cv_header_sys_types_h=yes
ac_cv_header_sys_types_h_makedev=no
ac_cv_header_sys_utime_h=no
ac_cv_header_sys_wait_h=yes
ac_cv_header_unistd_h=yes
ac_cv_header_utime_h=yes
ac_cv_header_vfork_h=no
ac_cv_header_wchar_h=yes
ac_cv_header_wctype_h=yes
ac_cv_header_xlocale_h=no
ac_cv_header_zlib_h=yes
ac_cv_header_zstd_errors_h=no
ac_cv_header_zstd_h=no
ac_cv_host=x86_64-pc-linux-gnu
ac_cv_lib_bz2_BZ2_bzCompressInit=no
ac_cv_lib_lrzip_lrzip_new=no
ac_cv_lib_lz_LZ_decompress_open=no
ac_cv_lib_lzma_lzma_stream_decoder=yes
ac_cv_lib_seccomp_seccomp_init=no
ac_cv_lib_z_gzopen=yes
ac_cv_lib_zstd_ZSTD_createDStream=no
ac_cv_member_struct_stat_st_rdev=yes
ac_cv_member_struct_tm_tm_gmtoff=yes
ac_cv_member_struct_tm_tm_zone=yes
ac_cv_objext=o
ac_cv_path_EGREP='/usr/bin/grep -E'
ac_cv_path_FGREP='/usr/bin/grep -F'
ac_cv_path_GREP=/usr/bin/grep
ac_cv_path_SED=/usr/bin/sed
ac_cv_path_install='/usr/bin/install -c'
ac_cv_path_lt_DD=/usr/bin/dd
ac_cv_path_mkdir=/usr/bin/mkdir
ac_cv_prog_AWK=gawk
ac_cv_prog_CPP='gcc -E'
ac_cv_prog_ac_ct_AR=ar
ac_cv_prog_ac_ct_CC=gcc
ac_cv_prog_ac_ct_MANIFEST_TOOL=mt
ac_cv_prog_ac_ct_OBJDUMP=objdump
ac_cv_prog_ac_ct_RANLIB=ranlib
ac_cv_prog_ac_ct_STRIP=strip
ac_cv_prog_cc_c89=
ac_cv_prog_cc_g=yes
ac_cv_prog_make_make_set=yes
ac_cv_safe_to_define___extensions__=yes
ac_cv_struct_option_getopt_h=yes
ac_cv_struct_tm=time.h
ac_cv_struct_tm_isdst=yes
ac_cv_struct_tm_zone=yes
ac_cv_sys_file_offset_bits=no
ac_cv_sys_largefile_CC=no
ac_cv_sys_largefile_source=no
ac_cv_type_intptr_t=yes
ac_cv_type_mbstate_t=yes
ac_cv_type_off_t=yes
ac_cv_type_pid_t=yes
ac_cv_type_sig_t=yes
ac_cv_type_size_t=yes
ac_cv_type_uintptr_t=yes
ac_cv_var_daylight=yes
ac_cv_var_tzname=yes
am_cv_CC_dependencies_compiler_type=gcc3
am_cv_make_support_nested_variables=yes
am_cv_prog_cc_c_o=yes
gl_cv_cc_vis_werror=yes
gl_cv_cc_visibility=yes
lt_cv_ar_at_file=@
lt_cv_archive_cmds_need_lc=no
lt_cv_deplibs_check_method=pass_all
lt_cv_file_magic_cmd='$MAGIC_CMD'
lt_cv_file_magic_test_file=
lt_cv_ld_reload_flag=-r
lt_cv_nm_interface='BSD nm'
lt_cv_objdir=.libs
lt_cv_path_LD=/usr/bin/ld
lt_cv_path_NM='/usr/bin/nm -B'
lt_cv_path_mainfest_tool=no
lt_cv_prog_compiler_c_o=yes
lt_cv_prog_compiler_pic='-fPIC -DPIC'
lt_cv_prog_compiler_pic_works=yes
lt_cv_prog_compiler_rtti_exceptions=no
lt_cv_prog_compiler_static_works=yes
lt_cv_prog_gnu_ld=yes
lt_cv_sharedlib_from_linklib_cmd='printf %s\n'
lt_cv_shlibpath_overrides_runpath=yes
lt_cv_sys_global_symbol_pipe='sed -n -e '\''s/^.*[	 ]\([ABCDGIRSTW][ABCDGIRSTW]*\)[	 ][	 ]*\([_A-Za-z][_A-Za-z0-9]*\)$/\1 \2 \2/p'\'' | sed '\''/ __gnu_lto/d'\'''
lt_cv_sys_global_symbol_to_c_name_address='sed -n -e '\''s/^: \(.*\) .*$/  {"\1", (void *) 0},/p'\'' -e '\''s/^[ABCDGIRSTW][ABCDGIRSTW]* .* \(.*\)$/  {"\1", (void *) \&\1},/p'\'''
lt_cv_sys_global_symbol_to_c_name_address_lib_prefix='sed -n -e '\''s/^: \(.*\) .*$/  {"\1", (void *) 0},/p'\'' -e '\''s/^[ABCDGIRSTW][ABCDGIRSTW]* .* \(lib.*\)$/  {"\1", (void *) \&\1},/p'\'' -e '\''s/^[ABCDGIRSTW][ABCDGIRSTW]* .* \(.*\)$/  {"lib\1", (void *) \&\1},/p'\'''
lt_cv_sys_global_symbol_to_cdecl='sed -n -e '\''s/^T .* \(.*\)$/extern int \1();/p'\'' -e '\''s/^[ABCDGIRSTW][ABCDGIRSTW]* .* \(.*\)$/extern char \1;/p'\'''
lt_cv_sys_global_symbol_to_import=
lt_cv_sys_max_cmd_len=1572864
lt_cv_to_host_file_cmd=func_convert_file_noop
lt_cv_to_tool_file_cmd=func_convert_file_noop
lt_cv_truncate_bin='/usr/bin/dd bs=4096 count=1'

## ----------------- ##
## Output variables. ##
## ----------------- ##

ACLOCAL='${SHELL} '\''/home/ekir/backup-2025-01-12/git/file/missing'\'' aclocal-1.16'
AMDEPBACKSLASH='\'
AMDEP_FALSE='#'
AMDEP_TRUE=''
AMTAR='$${TAR-tar}'
AM_BACKSLASH='\'
AM_DEFAULT_V='$(AM_DEFAULT_VERBOSITY)'
AM_DEFAULT_VERBOSITY='0'
AM_V='$(V)'
AR='ar'
AUTOCONF='${SHELL} '\''/home/ekir/backup-2025-01-12/git/file/missing'\'' autoconf'
AUTOHEADER='${SHELL} '\''/home/ekir/backup-2025-01-12/git/file/missing'\'' autoheader'
AUTOMAKE='${SHELL} '\''/home/ekir/backup-2025-01-12/git/file/missing'\'' automake-1.16'
AWK='gawk'
CC='gcc'
CCDEPMODE='depmode=gcc3'
CFLAGS='-g -O2'
CFLAG_VISIBILITY='-fvisibility=hidden'
CPP='gcc -E'
CPPFLAGS=''
CSCOPE='cscope'
CTAGS='ctags'
CYGPATH_W='echo'
DEFS='-DHAVE_CONFIG_H'
DEPDIR='.deps'
DLLTOOL='false'
DSYMUTIL=''
DUMPBIN=''
ECHO_C=''
ECHO_N='-n'
ECHO_T=''
EGREP='/usr/bin/grep -E'
ETAGS='etags'
EXEEXT=''
FGREP='/usr/bin/grep -F'
FSECT5_FALSE=''
FSECT5_TRUE='#'
GREP='/usr/bin/grep'
HAVE_VISIBILITY='1'
INSTALL_DATA='${INSTALL} -m 644'
INSTALL_PROGRAM='${INSTALL}'
INSTALL_SCRIPT='${INSTALL}'
INSTALL_STRIP_PROGRAM='$(install_sh) -c -s'
IS_CROSS_COMPILE_FALSE=''
IS_CROSS_COMPILE_TRUE='#'
LD='/usr/bin/ld -m elf_x86_64'
LDFLAGS=''
LIBOBJS=' ${LIBOBJDIR}strlcpy$U.o ${LIBOBJDIR}strlcat$U.o ${LIBOBJDIR}fmtcheck$U.o'
LIBS='-llzma -lz '
LIBTOOL='$(SHELL) $(top_builddir)/libtool'
LIPO=''
LN_S='ln -s'
LTLIBOBJS=' ${LIBOBJDIR}strlcpy$U.lo ${LIBOBJDIR}strlcat$U.lo ${LIBOBJDIR}fmtcheck$U.lo'
LT_SYS_LIBRARY_PATH=''
MAKEINFO='${SHELL} '\''/home/ekir/backup-2025-01-12/git/file/missing'\'' makeinfo'
MANIFEST_TOOL=':'
MINGW='0'
MINGW_FALSE=''
MINGW_TRUE='#'
MKDIR_P='/usr/bin/mkdir -p'
NM='/usr/bin/nm -B'
NMEDIT=''
OBJDUMP='objdump'
OBJEXT='o'
OTOOL64=''
OTOOL=''
PACKAGE='file'
PACKAGE_BUGREPORT='christos@astron.com'
PACKAGE_NAME='file'
PACKAGE_STRING='file 5.46'
PACKAGE_TARNAME='file'
PACKAGE_URL=''
PACKAGE_VERSION='5.46'
PATH_SEPARATOR=':'
RANLIB='ranlib'
SED='/usr/bin/sed'
SET_MAKE=''
SHELL='/bin/bash'
STRIP='strip'
VERSION='5.46'
WARNINGS='-Wall -Wstrict-prototypes -Wmissing-prototypes -Wpointer-arith        -Wmissing-declarations -Wredundant-decls -Wnested-externs        -Wsign-compare -Wreturn-type -Wswitch -Wshadow        -Wcast-qual -Wwrite-strings -Wextra -Wunused-parameter -Wformat=2'
ac_ct_AR='ar'
ac_ct_CC='gcc'
ac_ct_DUMPBIN=''
am__EXEEXT_FALSE=''
am__EXEEXT_TRUE='#'
am__fastdepCC_FALSE='#'
am__fastdepCC_TRUE=''
am__include='include'
am__isrc=''
am__leading_dot='.'
am__nodep='_no'
am__quote=''
am__tar='$${TAR-tar} chof - "$$tardir"'
am__untar='$${TAR-tar} xf -'
bindir='${exec_prefix}/bin'
build='x86_64-pc-linux-gnu'
build_alias=''
build_cpu='x86_64'
build_os='linux-gnu'
build_vendor='pc'
datadir='${datarootdir}'
datarootdir='${prefix}/share'
docdir='${datarootdir}/doc/${PACKAGE_TARNAME}'
dvidir='${docdir}'
exec_prefix='${prefix}'
fsect='4'
host='x86_64-pc-linux-gnu'
host_alias=''
host_cpu='x86_64'
host_os='linux-gnu'
host_vendor='pc'
htmldir='${docdir}'
includedir='${prefix}/include'
infodir='${datarootdir}/info'
install_sh='${SHELL} /home/ekir/backup-2025-01-12/git/file/install-sh'
libdir='${exec_prefix}/lib'
libexecdir='${exec_prefix}/libexec'
localedir='${datarootdir}/locale'
localstatedir='${prefix}/var'
mandir='${datarootdir}/man'
mkdir_p='$(MKDIR_P)'
oldincludedir='/usr/include'
pdfdir='${docdir}'
pkgdatadir='$(datadir)/misc'
prefix='/usr/local'
program_transform_name='s,x,x,'
psdir='${docdir}'
sbindir='${exec_prefix}/sbin'
sharedstatedir='${prefix}/com'
sysconfdir='${prefix}/etc'
target_alias=''

## ----------- ##
## confdefs.h. ##
## ----------- ##

/* confdefs.h */
#define PACKAGE_NAME "file"
#define PACKAGE_TARNAME "file"
#define PACKAGE_VERSION "5.46"
#define PACKAGE_STRING "file 5.46"
#define PACKAGE_BUGREPORT "christos@astron.com"
#define PACKAGE_URL ""
#define PACKAGE "file"
#define VERSION "5.46"
#define BUILTIN_ELF 1
#define ELFCORE 1
#define STDC_HEADERS 1
#define HAVE_SYS_TYPES_H 1
#define HAVE_SYS_STAT_H 1
#define HAVE_STDLIB_H 1
#define HAVE_STRING_H 1
#define HAVE_MEMORY_H 1
#define HAVE_STRINGS_H 1
#define HAVE_INTTYPES_H 1
#define HAVE_STDINT_H 1
#define HAVE_UNISTD_H 1
#define __EXTENSIONS__ 1
#define _ALL_SOURCE 1
#define _GNU_SOURCE 1
#define _POSIX_PTHREAD_SEMANTICS 1
#define _TANDEM_SOURCE 1
#define HAVE_DLFCN_H 1
#define LT_OBJDIR ".libs/"
#define HAVE_VISIBILITY 1
#define MAJOR_IN_SYSMACROS 1
#define HAVE_SYS_WAIT_H 1
#define HAVE_STDINT_H 1
#define HAVE_FCNTL_H 1
#define HAVE_INTTYPES_H 1
#define HAVE_UNISTD_H 1
#define HAVE_BYTESWAP_H 1
#define HAVE_SPAWN_H 1
#define HAVE_UTIME_H 1
#define HAVE_WCHAR_H 1
#define HAVE_WCTYPE_H 1
#define HAVE_GETOPT_H 1
#define HAVE_ERR_H 1
#define HAVE_SYS_MMAN_H 1
#define HAVE_SYS_STAT_H 1
#define HAVE_SYS_TYPES_H 1
#define HAVE_SYS_TIME_H 1
#define HAVE_SYS_SYSMACROS_H 1
#define HAVE_SYS_IOCTL_H 1
#define HAVE_ZLIB_H 1
#define HAVE_LZMA_H 1
#define HAVE_SIG_T 1
#define HAVE_STRUCT_STAT_ST_RDEV 1
#define HAVE_STRUCT_TM_TM_GMTOFF 1
#define HAVE_STRUCT_TM_TM_ZONE 1
#define HAVE_TM_ZONE 1
#define HAVE_TM_ZONE 1
#define HAVE_DECL_TZNAME 1
#define HAVE_TZNAME 1
#define HAVE_TM_ISDST 1
#define HAVE_DECL_DAYLIGHT 1
#define HAVE_DAYLIGHT 1
#define HAVE_FSEEKO 1
#define HAVE_MBSTATE_T 1
#define HAVE_STRUCT_OPTION 1
#define HAVE_INTPTR_T 1
#define HAVE_UINTPTR_T 1
#define HAVE_STDLIB_H 1
#define HAVE_UNISTD_H 1
#define HAVE_SYS_PARAM_H 1
#define HAVE_GETPAGESIZE 1
#define HAVE_MMAP 1
#define HAVE_FORK 1
#define HAVE_VFORK 1
#define HAVE_WORKING_VFORK 1
#define HAVE_WORKING_FORK 1
#define HAVE_MBRTOWC 1
#define HAVE_STRNDUP 1
#define HAVE_MKSTEMP 1
#define HAVE_MKOSTEMP 1
#define HAVE_UTIMES 1
#define HAVE_UTIME 1
#define HAVE_WCWIDTH 1
#define HAVE_STRTOF 1
#define HAVE_NEWLOCALE 1
#define HAVE_USELOCALE 1
#define HAVE_FREELOCALE 1
#define HAVE_MEMMEM 1
#define HAVE_PIPE2 1
#define HAVE_POSIX_SPAWNP 1
#define HAVE_GETOPT_LONG 1
#define HAVE_ASPRINTF 1
#define HAVE_VASPRINTF 1
#define HAVE_GETLINE 1
#define HAVE_CTIME_R 1
#define HAVE_ASCTIME_R 1
#define HAVE_LOCALTIME_R 1
#define HAVE_GMTIME_R 1
#define HAVE_PREAD 1
#define HAVE_STRCASESTR 1
#define HAVE_DPRINTF 1
#define HAVE_LIBZ 1
#define HAVE_LIBLZMA 1
#define ZLIBSUPPORT 1
#define XZLIBSUPPORT 1

configure: exit 0
